--------------------------------------------------------
--  File created - Wednesday-April-01-2026   
--------------------------------------------------------
--------------------------------------------------------
--  DDL for Table ACTIVITIES
--------------------------------------------------------

  CREATE TABLE "ACTIVITIES" 
   (	"ID" VARCHAR2(50 BYTE), 
	"CARD_ID" NUMBER, 
	"LABEL" VARCHAR2(255 BYTE), 
	"ACTIVITY_TYPE" VARCHAR2(50 BYTE), 
	"BTN_LABEL" VARCHAR2(100 BYTE), 
	"CHAPTER_NAME" VARCHAR2(255 BYTE), 
	"CHAPTER_DESC" VARCHAR2(1000 BYTE), 
	"CHAPTER_ICON" VARCHAR2(255 BYTE), 
	"CHAPTER_BG_COLOR" VARCHAR2(50 BYTE)
   ) ;
--------------------------------------------------------
--  DDL for Table ACTIVITY_DATA
--------------------------------------------------------

  CREATE TABLE "ACTIVITY_DATA" 
   (	"ACTIVITY_ID" VARCHAR2(50 BYTE), 
	"DATA_JSON" CLOB
   ) ;
--------------------------------------------------------
--  DDL for Table APP_MESSAGES
--------------------------------------------------------

  CREATE TABLE "APP_MESSAGES" 
   (	"MSG_ID" NUMBER GENERATED BY DEFAULT ON NULL AS IDENTITY MINVALUE 1 MAXVALUE 9999999999999999999999999999 INCREMENT BY 1 START WITH 1 CACHE 20 NOORDER  NOCYCLE  NOKEEP  NOSCALE , 
	"SENDER" VARCHAR2(50 BYTE), 
	"MESSAGE_TEXT" VARCHAR2(255 BYTE), 
	"CREATED_AT" DATE DEFAULT SYSDATE
   ) ;
--------------------------------------------------------
--  DDL for Table COMPLETEDWORD_ATTEMPTS
--------------------------------------------------------

  CREATE TABLE "COMPLETEDWORD_ATTEMPTS" 
   (	"USER_ID" NUMBER, 
	"ACTIVITY_ID" VARCHAR2(50 BYTE), 
	"PROGRESS_JSON" CLOB, 
	"SCORE" NUMBER, 
	"ATTEMPTED" NUMBER, 
	"STATUS" VARCHAR2(20 BYTE), 
	"STARTED_AT" TIMESTAMP (6) DEFAULT SYSTIMESTAMP, 
	"UPDATED_AT" TIMESTAMP (6), 
	"COMPLETED_AT" TIMESTAMP (6)
   ) ;
--------------------------------------------------------
--  DDL for Table CURRICULUM_CARDS
--------------------------------------------------------

  CREATE TABLE "CURRICULUM_CARDS" 
   (	"ID" NUMBER GENERATED BY DEFAULT ON NULL AS IDENTITY MINVALUE 1 MAXVALUE 9999999999999999999999999999 INCREMENT BY 1 START WITH 1 CACHE 20 NOORDER  NOCYCLE  NOKEEP  NOSCALE , 
	"LABEL" NVARCHAR2(500), 
	"SM_LABEL" VARCHAR2(255 BYTE), 
	"CREATED_AT" TIMESTAMP (6) DEFAULT CURRENT_TIMESTAMP, 
	"MIME_TYPE" VARCHAR2(100 BYTE) DEFAULT 'image/png', 
	"IMAGE_BLOB" BLOB, 
	"BG_MIME_TYPE" VARCHAR2(100 BYTE) DEFAULT 'image/png', 
	"BG_IMAGE_BLOB" BLOB, 
	"IS_CARD_VIEW" VARCHAR2(10 BYTE) DEFAULT 'false', 
	"COLLAPSE_REST" VARCHAR2(10 BYTE) DEFAULT 'false'
   ) ;
--------------------------------------------------------
--  DDL for Table EMPLOYEES
--------------------------------------------------------

  CREATE TABLE "EMPLOYEES" 
   (	"EMP_ID" NUMBER, 
	"FULL_NAME" VARCHAR2(100 BYTE), 
	"JOB_ROLE" VARCHAR2(50 BYTE), 
	"SALARY" NUMBER
   ) ;
--------------------------------------------------------
--  DDL for Table KONZEPTES_ICONS_BASE64
--------------------------------------------------------

  CREATE TABLE "KONZEPTES_ICONS_BASE64" 
   (	"ICON_ID" VARCHAR2(100 BYTE), 
	"IMAGE_BASE64" CLOB, 
	"MIME_TYPE" VARCHAR2(50 BYTE) DEFAULT 'image/png', 
	"UPDATED_AT" TIMESTAMP (6) DEFAULT CURRENT_TIMESTAMP
   ) ;
--------------------------------------------------------
--  DDL for Table KONZEPTES_ICONS_BLOB
--------------------------------------------------------

  CREATE TABLE "KONZEPTES_ICONS_BLOB" 
   (	"ICON_ID" VARCHAR2(100 BYTE), 
	"MIME_TYPE" VARCHAR2(100 BYTE) DEFAULT 'image/png', 
	"IMAGE_BLOB" BLOB
   ) ;
--------------------------------------------------------
--  DDL for Table LMS_ADMINS
--------------------------------------------------------

  CREATE TABLE "LMS_ADMINS" 
   (	"ADMIN_ID" NUMBER GENERATED BY DEFAULT ON NULL AS IDENTITY MINVALUE 1 MAXVALUE 9999999999999999999999999999 INCREMENT BY 1 START WITH 1 CACHE 20 NOORDER  NOCYCLE  NOKEEP  NOSCALE , 
	"ADMIN_NAME" VARCHAR2(100 BYTE), 
	"EMAIL" VARCHAR2(100 BYTE), 
	"PASSWORD_HASH" VARCHAR2(64 BYTE), 
	"ROLE" VARCHAR2(20 BYTE) DEFAULT 'ADMIN', 
	"STATUS" VARCHAR2(10 BYTE) DEFAULT 'ACTIVE', 
	"LAST_LOGIN_AT" TIMESTAMP (6), 
	"CREATED_AT" TIMESTAMP (6) DEFAULT SYSTIMESTAMP, 
	"MOBILE" VARCHAR2(15 BYTE)
   ) ;
--------------------------------------------------------
--  DDL for Table LMS_STAFF
--------------------------------------------------------

  CREATE TABLE "LMS_STAFF" 
   (	"USER_ID" NUMBER GENERATED BY DEFAULT AS IDENTITY MINVALUE 1 MAXVALUE 9999999999999999999999999999 INCREMENT BY 1 START WITH 1 CACHE 20 NOORDER  NOCYCLE  NOKEEP  NOSCALE , 
	"NAME" VARCHAR2(100 BYTE), 
	"GENDER" VARCHAR2(10 BYTE), 
	"EMAIL" VARCHAR2(100 BYTE), 
	"MOBILE_NUMBER" VARCHAR2(20 BYTE), 
	"ROLE" VARCHAR2(50 BYTE), 
	"STATUS" VARCHAR2(3 BYTE)
   ) ;
--------------------------------------------------------
--  DDL for Table LMS_USERS
--------------------------------------------------------

  CREATE TABLE "LMS_USERS" 
   (	"USER_ID" NUMBER GENERATED BY DEFAULT ON NULL AS IDENTITY MINVALUE 1 MAXVALUE 9999999999999999999999999999 INCREMENT BY 1 START WITH 1 CACHE 20 NOORDER  NOCYCLE  NOKEEP  NOSCALE , 
	"SALUTATION" VARCHAR2(10 BYTE), 
	"USER_LEVEL" VARCHAR2(50 BYTE), 
	"MOBILE" VARCHAR2(20 BYTE), 
	"EMAIL" VARCHAR2(100 BYTE), 
	"PASSWORD_HASH" VARCHAR2(64 BYTE), 
	"CREATED_AT" TIMESTAMP (6) DEFAULT SYSTIMESTAMP, 
	"P_FIRST_NAME" VARCHAR2(50 BYTE), 
	"P_LAST_NAME" VARCHAR2(50 BYTE), 
	"C_FIRST_NAME" VARCHAR2(50 BYTE), 
	"C_LAST_NAME" VARCHAR2(50 BYTE), 
	"USER_PACKAGE" VARCHAR2(20 BYTE)
   ) ;
--------------------------------------------------------
--  DDL for Table LOGIN_HISTORY
--------------------------------------------------------

  CREATE TABLE "LOGIN_HISTORY" 
   (	"LOG_ID" NUMBER GENERATED BY DEFAULT ON NULL AS IDENTITY MINVALUE 1 MAXVALUE 9999999999999999999999999999 INCREMENT BY 1 START WITH 1 CACHE 20 NOORDER  NOCYCLE  NOKEEP  NOSCALE , 
	"USER_EMAIL" VARCHAR2(100 BYTE), 
	"LOGIN_TIME" TIMESTAMP (6) DEFAULT SYSTIMESTAMP, 
	"STATUS" VARCHAR2(20 BYTE)
   ) ;
--------------------------------------------------------
--  DDL for Table LOGOUT_HISTORY
--------------------------------------------------------

  CREATE TABLE "LOGOUT_HISTORY" 
   (	"LOG_ID" NUMBER GENERATED BY DEFAULT ON NULL AS IDENTITY MINVALUE 1 MAXVALUE 9999999999999999999999999999 INCREMENT BY 1 START WITH 1 CACHE 20 NOORDER  NOCYCLE  NOKEEP  NOSCALE , 
	"USER_EMAIL" VARCHAR2(100 BYTE), 
	"LOGOUT_TIME" TIMESTAMP (6) DEFAULT SYSTIMESTAMP, 
	"STATUS" VARCHAR2(20 BYTE)
   ) ;
--------------------------------------------------------
--  DDL for Table MATCHBY_ATTEMPTS
--------------------------------------------------------

  CREATE TABLE "MATCHBY_ATTEMPTS" 
   (	"USER_ID" NUMBER, 
	"ACTIVITY_ID" VARCHAR2(50 BYTE), 
	"PROGRESS_JSON" CLOB, 
	"SCORE" NUMBER, 
	"ATTEMPTED" NUMBER, 
	"STATUS" VARCHAR2(20 BYTE), 
	"STARTED_AT" TIMESTAMP (6) DEFAULT SYSTIMESTAMP, 
	"UPDATED_AT" TIMESTAMP (6), 
	"COMPLETED_AT" TIMESTAMP (6)
   ) ;
--------------------------------------------------------
--  DDL for Table MCQ_ATTEMPTS
--------------------------------------------------------

  CREATE TABLE "MCQ_ATTEMPTS" 
   (	"USER_ID" VARCHAR2(50 BYTE), 
	"ACTIVITY_ID" VARCHAR2(50 BYTE), 
	"PROGRESS_JSON" CLOB, 
	"SCORE" NUMBER, 
	"ATTEMPTED" NUMBER, 
	"STATUS" VARCHAR2(20 BYTE), 
	"STARTED_AT" TIMESTAMP (6) DEFAULT SYSTIMESTAMP, 
	"UPDATED_AT" TIMESTAMP (6), 
	"COMPLETED_AT" TIMESTAMP (6)
   ) ;
--------------------------------------------------------
--  DDL for Table SEQUENCE_ATTEMPTS
--------------------------------------------------------

  CREATE TABLE "SEQUENCE_ATTEMPTS" 
   (	"USER_ID" NUMBER, 
	"ACTIVITY_ID" VARCHAR2(50 BYTE), 
	"PROGRESS_JSON" CLOB, 
	"SCORE" NUMBER, 
	"ATTEMPTED" NUMBER, 
	"STATUS" VARCHAR2(20 BYTE), 
	"STARTED_AT" TIMESTAMP (6) DEFAULT SYSTIMESTAMP, 
	"UPDATED_AT" TIMESTAMP (6), 
	"COMPLETED_AT" TIMESTAMP (6)
   ) ;
--------------------------------------------------------
--  DDL for Table SIMPLE_POST_TEST
--------------------------------------------------------

  CREATE TABLE "SIMPLE_POST_TEST" 
   (	"ID" NUMBER GENERATED BY DEFAULT ON NULL AS IDENTITY MINVALUE 1 MAXVALUE 9999999999999999999999999999 INCREMENT BY 1 START WITH 1 CACHE 20 NOORDER  NOCYCLE  NOKEEP  NOSCALE , 
	"USER_NAME" VARCHAR2(50 BYTE), 
	"CONTENT" VARCHAR2(100 BYTE)
   ) ;
--------------------------------------------------------
--  DDL for Table TEST
--------------------------------------------------------

  CREATE TABLE "TEST" 
   (	"SNO" NUMBER
   ) ;
--------------------------------------------------------
--  DDL for Table WEB_IMAGES
--------------------------------------------------------

  CREATE TABLE "WEB_IMAGES" 
   (	"ID" NUMBER GENERATED BY DEFAULT AS IDENTITY MINVALUE 1 MAXVALUE 9999999999999999999999999999 INCREMENT BY 1 START WITH 1 CACHE 20 NOORDER  NOCYCLE  NOKEEP  NOSCALE , 
	"FILE_NAME" VARCHAR2(255 BYTE), 
	"MIME_TYPE" VARCHAR2(100 BYTE), 
	"UPLOAD_DATE" DATE DEFAULT SYSDATE, 
	"IMAGE_BLOB" BLOB
   ) ;
REM INSERTING into ACTIVITIES
SET DEFINE OFF;
Insert into ACTIVITIES (ID,CARD_ID,LABEL,ACTIVITY_TYPE,BTN_LABEL,CHAPTER_NAME,CHAPTER_DESC,CHAPTER_ICON,CHAPTER_BG_COLOR) values ('act-20260331124338615',25,'sadasd','mcq','MCQ',null,null,null,null);
Insert into ACTIVITIES (ID,CARD_ID,LABEL,ACTIVITY_TYPE,BTN_LABEL,CHAPTER_NAME,CHAPTER_DESC,CHAPTER_ICON,CHAPTER_BG_COLOR) values ('fill-vowels',10,'Complete the Spelling','completeWord',null,null,null,null,null);
Insert into ACTIVITIES (ID,CARD_ID,LABEL,ACTIVITY_TYPE,BTN_LABEL,CHAPTER_NAME,CHAPTER_DESC,CHAPTER_ICON,CHAPTER_BG_COLOR) values ('fill-consonants',10,'Fill up: सरल शब्द - व्यंजन','completeWord',null,null,null,null,null);
Insert into ACTIVITIES (ID,CARD_ID,LABEL,ACTIVITY_TYPE,BTN_LABEL,CHAPTER_NAME,CHAPTER_DESC,CHAPTER_ICON,CHAPTER_BG_COLOR) values ('1756122674790',10,'Choose the Correct Spelling','mcq','MCQ',null,null,null,null);
Insert into ACTIVITIES (ID,CARD_ID,LABEL,ACTIVITY_TYPE,BTN_LABEL,CHAPTER_NAME,CHAPTER_DESC,CHAPTER_ICON,CHAPTER_BG_COLOR) values ('100',19,'Community Helpers','wordsearch','Play',null,null,null,null);
Insert into ACTIVITIES (ID,CARD_ID,LABEL,ACTIVITY_TYPE,BTN_LABEL,CHAPTER_NAME,CHAPTER_DESC,CHAPTER_ICON,CHAPTER_BG_COLOR) values ('200',19,'Seasons','wordsearch','Play',null,null,null,null);
Insert into ACTIVITIES (ID,CARD_ID,LABEL,ACTIVITY_TYPE,BTN_LABEL,CHAPTER_NAME,CHAPTER_DESC,CHAPTER_ICON,CHAPTER_BG_COLOR) values ('300',19,'Land or Road Transport','wordsearch','Play',null,null,null,null);
Insert into ACTIVITIES (ID,CARD_ID,LABEL,ACTIVITY_TYPE,BTN_LABEL,CHAPTER_NAME,CHAPTER_DESC,CHAPTER_ICON,CHAPTER_BG_COLOR) values ('400',19,'Neighbourhood','wordsearch','Play',null,null,null,null);
Insert into ACTIVITIES (ID,CARD_ID,LABEL,ACTIVITY_TYPE,BTN_LABEL,CHAPTER_NAME,CHAPTER_DESC,CHAPTER_ICON,CHAPTER_BG_COLOR) values ('500',19,'Parts of a Body','wordsearch','Play',null,null,null,null);
Insert into ACTIVITIES (ID,CARD_ID,LABEL,ACTIVITY_TYPE,BTN_LABEL,CHAPTER_NAME,CHAPTER_DESC,CHAPTER_ICON,CHAPTER_BG_COLOR) values ('600',19,'My Family','wordsearch','Play',null,null,null,null);
Insert into ACTIVITIES (ID,CARD_ID,LABEL,ACTIVITY_TYPE,BTN_LABEL,CHAPTER_NAME,CHAPTER_DESC,CHAPTER_ICON,CHAPTER_BG_COLOR) values ('700',19,'Off to School','wordsearch','Play',null,null,null,null);
Insert into ACTIVITIES (ID,CARD_ID,LABEL,ACTIVITY_TYPE,BTN_LABEL,CHAPTER_NAME,CHAPTER_DESC,CHAPTER_ICON,CHAPTER_BG_COLOR) values ('800',19,'Picnic in the woods','wordsearch','Play',null,null,null,null);
Insert into ACTIVITIES (ID,CARD_ID,LABEL,ACTIVITY_TYPE,BTN_LABEL,CHAPTER_NAME,CHAPTER_DESC,CHAPTER_ICON,CHAPTER_BG_COLOR) values ('900',19,'Shapes','wordsearch','Play',null,null,null,null);
Insert into ACTIVITIES (ID,CARD_ID,LABEL,ACTIVITY_TYPE,BTN_LABEL,CHAPTER_NAME,CHAPTER_DESC,CHAPTER_ICON,CHAPTER_BG_COLOR) values ('1000',19,'Flowers','wordsearch','Play',null,null,null,null);
Insert into ACTIVITIES (ID,CARD_ID,LABEL,ACTIVITY_TYPE,BTN_LABEL,CHAPTER_NAME,CHAPTER_DESC,CHAPTER_ICON,CHAPTER_BG_COLOR) values ('1100',19,'Winter IS HERE','wordsearch','Play',null,null,null,null);
Insert into ACTIVITIES (ID,CARD_ID,LABEL,ACTIVITY_TYPE,BTN_LABEL,CHAPTER_NAME,CHAPTER_DESC,CHAPTER_ICON,CHAPTER_BG_COLOR) values ('1200',19,'Number Names','wordsearch','Play',null,null,null,null);
Insert into ACTIVITIES (ID,CARD_ID,LABEL,ACTIVITY_TYPE,BTN_LABEL,CHAPTER_NAME,CHAPTER_DESC,CHAPTER_ICON,CHAPTER_BG_COLOR) values ('1400',19,'Outdoor Games','wordsearch','Play',null,null,null,null);
Insert into ACTIVITIES (ID,CARD_ID,LABEL,ACTIVITY_TYPE,BTN_LABEL,CHAPTER_NAME,CHAPTER_DESC,CHAPTER_ICON,CHAPTER_BG_COLOR) values ('1500',19,'Rivers','wordsearch','Play',null,null,null,null);
Insert into ACTIVITIES (ID,CARD_ID,LABEL,ACTIVITY_TYPE,BTN_LABEL,CHAPTER_NAME,CHAPTER_DESC,CHAPTER_ICON,CHAPTER_BG_COLOR) values ('1600',19,'Music','wordsearch','Play',null,null,null,null);
Insert into ACTIVITIES (ID,CARD_ID,LABEL,ACTIVITY_TYPE,BTN_LABEL,CHAPTER_NAME,CHAPTER_DESC,CHAPTER_ICON,CHAPTER_BG_COLOR) values ('1700',19,'Sea','wordsearch','Play',null,null,null,null);
Insert into ACTIVITIES (ID,CARD_ID,LABEL,ACTIVITY_TYPE,BTN_LABEL,CHAPTER_NAME,CHAPTER_DESC,CHAPTER_ICON,CHAPTER_BG_COLOR) values ('1800',19,'House','wordsearch','Play',null,null,null,null);
Insert into ACTIVITIES (ID,CARD_ID,LABEL,ACTIVITY_TYPE,BTN_LABEL,CHAPTER_NAME,CHAPTER_DESC,CHAPTER_ICON,CHAPTER_BG_COLOR) values ('1900',19,'Disney World','wordsearch','Play',null,null,null,null);
Insert into ACTIVITIES (ID,CARD_ID,LABEL,ACTIVITY_TYPE,BTN_LABEL,CHAPTER_NAME,CHAPTER_DESC,CHAPTER_ICON,CHAPTER_BG_COLOR) values ('2000',19,'Diwali','wordsearch','Play',null,null,null,null);
Insert into ACTIVITIES (ID,CARD_ID,LABEL,ACTIVITY_TYPE,BTN_LABEL,CHAPTER_NAME,CHAPTER_DESC,CHAPTER_ICON,CHAPTER_BG_COLOR) values ('1757386080431',17,'Pick the Pair','match','Match','मुहावरे, कहावतें',null,null,null);
Insert into ACTIVITIES (ID,CARD_ID,LABEL,ACTIVITY_TYPE,BTN_LABEL,CHAPTER_NAME,CHAPTER_DESC,CHAPTER_ICON,CHAPTER_BG_COLOR) values ('1757387063782',17,'Idimos Hunt','mcq','MCQ','मुहावरे, कहावतें',null,null,null);
Insert into ACTIVITIES (ID,CARD_ID,LABEL,ACTIVITY_TYPE,BTN_LABEL,CHAPTER_NAME,CHAPTER_DESC,CHAPTER_ICON,CHAPTER_BG_COLOR) values ('1756062837382',18,'Pick and Fill','matchByDragDrop','Fill Up by Drag','संज्ञा','Identify names of people, places, and things correctly.','kon/noun.png','#8eccf5');
Insert into ACTIVITIES (ID,CARD_ID,LABEL,ACTIVITY_TYPE,BTN_LABEL,CHAPTER_NAME,CHAPTER_DESC,CHAPTER_ICON,CHAPTER_BG_COLOR) values ('1757910991719',17,'Multiple Choice Questions - MCQ','mcq','MCQ','मुहावरे, कहावतें',null,null,null);
Insert into ACTIVITIES (ID,CARD_ID,LABEL,ACTIVITY_TYPE,BTN_LABEL,CHAPTER_NAME,CHAPTER_DESC,CHAPTER_ICON,CHAPTER_BG_COLOR) values ('1757914602281',15,'Multiple Choice Questions - MCQ','mcq','MCQ','MCQ Comprehension',null,null,null);
Insert into ACTIVITIES (ID,CARD_ID,LABEL,ACTIVITY_TYPE,BTN_LABEL,CHAPTER_NAME,CHAPTER_DESC,CHAPTER_ICON,CHAPTER_BG_COLOR) values ('1757914740197',15,'Fill up by drag - Template','matchByDragDrop','Fill Up by Drag','Cloze Passage Comprehension',null,null,null);
Insert into ACTIVITIES (ID,CARD_ID,LABEL,ACTIVITY_TYPE,BTN_LABEL,CHAPTER_NAME,CHAPTER_DESC,CHAPTER_ICON,CHAPTER_BG_COLOR) values ('1757914960802',15,'Multiple Choice Questions - MCQ','mcq','MCQ','Open-Ended (OE) Comprehension',null,null,null);
Insert into ACTIVITIES (ID,CARD_ID,LABEL,ACTIVITY_TYPE,BTN_LABEL,CHAPTER_NAME,CHAPTER_DESC,CHAPTER_ICON,CHAPTER_BG_COLOR) values ('1756124091371',14,'Put It in Place','sequence','Jumbled','वाक्य रचना',null,null,null);
Insert into ACTIVITIES (ID,CARD_ID,LABEL,ACTIVITY_TYPE,BTN_LABEL,CHAPTER_NAME,CHAPTER_DESC,CHAPTER_ICON,CHAPTER_BG_COLOR) values ('1756325445557',14,'Make the Match','match','Match','वाक्य रचना',null,null,null);
Insert into ACTIVITIES (ID,CARD_ID,LABEL,ACTIVITY_TYPE,BTN_LABEL,CHAPTER_NAME,CHAPTER_DESC,CHAPTER_ICON,CHAPTER_BG_COLOR) values ('1756356826622',14,'Pick the Right Sentence','mcq','MCQ','वाक्य रचना',null,null,null);
Insert into ACTIVITIES (ID,CARD_ID,LABEL,ACTIVITY_TYPE,BTN_LABEL,CHAPTER_NAME,CHAPTER_DESC,CHAPTER_ICON,CHAPTER_BG_COLOR) values ('1754297798409',14,'Sentence Scrambler','sequence','Jumbled','वाक्य रचना',null,null,null);
Insert into ACTIVITIES (ID,CARD_ID,LABEL,ACTIVITY_TYPE,BTN_LABEL,CHAPTER_NAME,CHAPTER_DESC,CHAPTER_ICON,CHAPTER_BG_COLOR) values ('1756062897496',18,'Sort the Noun','group','Group','संज्ञा','Identify names of people, places, and things correctly.','kon/noun.png','#8eccf5');
Insert into ACTIVITIES (ID,CARD_ID,LABEL,ACTIVITY_TYPE,BTN_LABEL,CHAPTER_NAME,CHAPTER_DESC,CHAPTER_ICON,CHAPTER_BG_COLOR) values ('gr-noun',18,'Pick the right option','classifySentence',null,'संज्ञा','Identify names of people, places, and things correctly.','kon/noun.png','#8eccf5');
Insert into ACTIVITIES (ID,CARD_ID,LABEL,ACTIVITY_TYPE,BTN_LABEL,CHAPTER_NAME,CHAPTER_DESC,CHAPTER_ICON,CHAPTER_BG_COLOR) values ('1756090867039',18,'Match the Gender','match','Match','लिंग','Nouns are words that name people, places, things, or ideas.','kon/gender.png','#c0f3f3');
Insert into ACTIVITIES (ID,CARD_ID,LABEL,ACTIVITY_TYPE,BTN_LABEL,CHAPTER_NAME,CHAPTER_DESC,CHAPTER_ICON,CHAPTER_BG_COLOR) values ('1756091571715',18,'Pick the Right Word','fillup','Fill Up','लिंग','Nouns are words that name people, places, things, or ideas.','kon/gender.png','#c0f3f3');
Insert into ACTIVITIES (ID,CARD_ID,LABEL,ACTIVITY_TYPE,BTN_LABEL,CHAPTER_NAME,CHAPTER_DESC,CHAPTER_ICON,CHAPTER_BG_COLOR) values ('gr-gender',18,'Pick the right option','classifySentence',null,'लिंग','Nouns are words that name people, places, things, or ideas.','kon/gender.png','#c0f3f3');
Insert into ACTIVITIES (ID,CARD_ID,LABEL,ACTIVITY_TYPE,BTN_LABEL,CHAPTER_NAME,CHAPTER_DESC,CHAPTER_ICON,CHAPTER_BG_COLOR) values ('1756092970425',18,'Fill in Adjective','matchByDragDrop','Fill Up by Drag','विशेषण','Describe nouns using words for qualities, colours, and numbers.','kon/think.png','#efd284');
Insert into ACTIVITIES (ID,CARD_ID,LABEL,ACTIVITY_TYPE,BTN_LABEL,CHAPTER_NAME,CHAPTER_DESC,CHAPTER_ICON,CHAPTER_BG_COLOR) values ('1756093848658',18,'Choose the Adjective','selectWord','Select Word','विशेषण','Describe nouns using words for qualities, colours, and numbers.','kon/think.png','#efd284');
Insert into ACTIVITIES (ID,CARD_ID,LABEL,ACTIVITY_TYPE,BTN_LABEL,CHAPTER_NAME,CHAPTER_DESC,CHAPTER_ICON,CHAPTER_BG_COLOR) values ('1756094375441',18,'Match Adjective to Picture','dragAndDrop',null,'विशेषण','Describe nouns using words for qualities, colours, and numbers.','kon/think.png','#efd284');
Insert into ACTIVITIES (ID,CARD_ID,LABEL,ACTIVITY_TYPE,BTN_LABEL,CHAPTER_NAME,CHAPTER_DESC,CHAPTER_ICON,CHAPTER_BG_COLOR) values ('1756095528570',18,'Identify Verb','selectWord','Select Word','क्रिया','Recognize action words and use them in sentences.','kon/verb.png','#f993a5');
Insert into ACTIVITIES (ID,CARD_ID,LABEL,ACTIVITY_TYPE,BTN_LABEL,CHAPTER_NAME,CHAPTER_DESC,CHAPTER_ICON,CHAPTER_BG_COLOR) values ('1756095548806',18,'Fill the Verb','matchByDragDrop','Fill Up by Drag','क्रिया','Recognize action words and use them in sentences.','kon/verb.png','#f993a5');
Insert into ACTIVITIES (ID,CARD_ID,LABEL,ACTIVITY_TYPE,BTN_LABEL,CHAPTER_NAME,CHAPTER_DESC,CHAPTER_ICON,CHAPTER_BG_COLOR) values ('1756097510635',18,'Choose the Correct Verb','mcq','MCQ','क्रिया','Recognize action words and use them in sentences.','kon/verb.png','#f993a5');
Insert into ACTIVITIES (ID,CARD_ID,LABEL,ACTIVITY_TYPE,BTN_LABEL,CHAPTER_NAME,CHAPTER_DESC,CHAPTER_ICON,CHAPTER_BG_COLOR) values ('gr-verb-drag',18,'Match the verb with Noun','dragDropImgLabel',null,'क्रिया','Recognize action words and use them in sentences.','kon/verb.png','#f993a5');
Insert into ACTIVITIES (ID,CARD_ID,LABEL,ACTIVITY_TYPE,BTN_LABEL,CHAPTER_NAME,CHAPTER_DESC,CHAPTER_ICON,CHAPTER_BG_COLOR) values ('gr-verb-match',18,'Match the Picture with Verb','match',null,'क्रिया','Recognize action words and use them in sentences.','kon/verb.png','#f993a5');
Insert into ACTIVITIES (ID,CARD_ID,LABEL,ACTIVITY_TYPE,BTN_LABEL,CHAPTER_NAME,CHAPTER_DESC,CHAPTER_ICON,CHAPTER_BG_COLOR) values ('1756100383128',18,'Choose the Tense','mcq','MCQ','काल','Express actions in the past, present, and future.','kon/tense.png','#bdbdbd');
Insert into ACTIVITIES (ID,CARD_ID,LABEL,ACTIVITY_TYPE,BTN_LABEL,CHAPTER_NAME,CHAPTER_DESC,CHAPTER_ICON,CHAPTER_BG_COLOR) values ('1756325093519',18,'Match the Tense','match','Match','काल','Express actions in the past, present, and future.','kon/tense.png','#bdbdbd');
Insert into ACTIVITIES (ID,CARD_ID,LABEL,ACTIVITY_TYPE,BTN_LABEL,CHAPTER_NAME,CHAPTER_DESC,CHAPTER_ICON,CHAPTER_BG_COLOR) values ('gr-tense-tense',18,'Pick the right option','classifySentence',null,'काल','Express actions in the past, present, and future.','kon/tense.png','#bdbdbd');
Insert into ACTIVITIES (ID,CARD_ID,LABEL,ACTIVITY_TYPE,BTN_LABEL,CHAPTER_NAME,CHAPTER_DESC,CHAPTER_ICON,CHAPTER_BG_COLOR) values ('1756103186596',18,'Match Singular to Plural','match','Match','वचन','Nouns are words that name people, places, things, or ideas.','kon/plural.png','#f9bb88');
Insert into ACTIVITIES (ID,CARD_ID,LABEL,ACTIVITY_TYPE,BTN_LABEL,CHAPTER_NAME,CHAPTER_DESC,CHAPTER_ICON,CHAPTER_BG_COLOR) values ('1756103457224',18,'Choose Plural ','rightOne','Right Option','वचन','Nouns are words that name people, places, things, or ideas.','kon/plural.png','#f9bb88');
Insert into ACTIVITIES (ID,CARD_ID,LABEL,ACTIVITY_TYPE,BTN_LABEL,CHAPTER_NAME,CHAPTER_DESC,CHAPTER_ICON,CHAPTER_BG_COLOR) values ('1756107405727',18,'Pick and Fill','matchByDragDrop','Fill Up by Drag','वचन','Nouns are words that name people, places, things, or ideas.','kon/plural.png','#f9bb88');
Insert into ACTIVITIES (ID,CARD_ID,LABEL,ACTIVITY_TYPE,BTN_LABEL,CHAPTER_NAME,CHAPTER_DESC,CHAPTER_ICON,CHAPTER_BG_COLOR) values ('1756108433517',18,'Identify Singular ','mcq','MCQ','वचन','Nouns are words that name people, places, things, or ideas.','kon/plural.png','#f9bb88');
Insert into ACTIVITIES (ID,CARD_ID,LABEL,ACTIVITY_TYPE,BTN_LABEL,CHAPTER_NAME,CHAPTER_DESC,CHAPTER_ICON,CHAPTER_BG_COLOR) values ('1756108908735',18,'Fill the Preposition','matchByDragDrop','Fill Up by Drag','कारक','Nouns are words that name people, places, things, or ideas.','kon/preposition.png','#7ae6f5');
Insert into ACTIVITIES (ID,CARD_ID,LABEL,ACTIVITY_TYPE,BTN_LABEL,CHAPTER_NAME,CHAPTER_DESC,CHAPTER_ICON,CHAPTER_BG_COLOR) values ('1756109033835',18,'Pick the Right Word','mcq','MCQ','कारक','Nouns are words that name people, places, things, or ideas.','kon/preposition.png','#7ae6f5');
Insert into ACTIVITIES (ID,CARD_ID,LABEL,ACTIVITY_TYPE,BTN_LABEL,CHAPTER_NAME,CHAPTER_DESC,CHAPTER_ICON,CHAPTER_BG_COLOR) values ('1756109515064',18,'Spot the word','selectWord','Select Word','कारक','Nouns are words that name people, places, things, or ideas.','kon/preposition.png','#7ae6f5');
Insert into ACTIVITIES (ID,CARD_ID,LABEL,ACTIVITY_TYPE,BTN_LABEL,CHAPTER_NAME,CHAPTER_DESC,CHAPTER_ICON,CHAPTER_BG_COLOR) values ('1756111329968',18,'Pick the Connector','matchByDragDrop','Fill Up by Drag','योजक शब्द','Connect words and sentences with joining words like and, but, or','kon/conjunction.png','#cfaff3');
Insert into ACTIVITIES (ID,CARD_ID,LABEL,ACTIVITY_TYPE,BTN_LABEL,CHAPTER_NAME,CHAPTER_DESC,CHAPTER_ICON,CHAPTER_BG_COLOR) values ('1756112619829',18,'Join with Conjunction','fillup','Fill Up','योजक शब्द','Connect words and sentences with joining words like and, but, or','kon/conjunction.png','#cfaff3');
Insert into ACTIVITIES (ID,CARD_ID,LABEL,ACTIVITY_TYPE,BTN_LABEL,CHAPTER_NAME,CHAPTER_DESC,CHAPTER_ICON,CHAPTER_BG_COLOR) values ('1756115092550',18,'Complete the sentence','mcq','MCQ','योजक शब्द','Connect words and sentences with joining words like and, but, or','kon/conjunction.png','#cfaff3');
Insert into ACTIVITIES (ID,CARD_ID,LABEL,ACTIVITY_TYPE,BTN_LABEL,CHAPTER_NAME,CHAPTER_DESC,CHAPTER_ICON,CHAPTER_BG_COLOR) values ('1757388849396',18,'Pick the Right Word','fillup','Fill Up','सर्वनाम','Replace nouns with pronouns to avoid repetition.','kon/pronoun.png','#b9ffe1');
Insert into ACTIVITIES (ID,CARD_ID,LABEL,ACTIVITY_TYPE,BTN_LABEL,CHAPTER_NAME,CHAPTER_DESC,CHAPTER_ICON,CHAPTER_BG_COLOR) values ('1757389681026',18,' MCQ challenge','mcq','MCQ','सर्वनाम','Replace nouns with pronouns to avoid repetition.','kon/pronoun.png','#b9ffe1');
Insert into ACTIVITIES (ID,CARD_ID,LABEL,ACTIVITY_TYPE,BTN_LABEL,CHAPTER_NAME,CHAPTER_DESC,CHAPTER_ICON,CHAPTER_BG_COLOR) values ('1757390609594',18,'Find the Hidden Pronoun','selectWord','Select Word','सर्वनाम','Replace nouns with pronouns to avoid repetition.','kon/pronoun.png','#b9ffe1');
Insert into ACTIVITIES (ID,CARD_ID,LABEL,ACTIVITY_TYPE,BTN_LABEL,CHAPTER_NAME,CHAPTER_DESC,CHAPTER_ICON,CHAPTER_BG_COLOR) values ('1757505238868',18,'Pick the Pronoun','rightOne','Right Option','सर्वनाम','Replace nouns with pronouns to avoid repetition.','kon/pronoun.png','#b9ffe1');
Insert into ACTIVITIES (ID,CARD_ID,LABEL,ACTIVITY_TYPE,BTN_LABEL,CHAPTER_NAME,CHAPTER_DESC,CHAPTER_ICON,CHAPTER_BG_COLOR) values ('gr-pro-tense',18,'Pick the right option','classifySentence',null,'सर्वनाम','Replace nouns with pronouns to avoid repetition.','kon/pronoun.png','#b9ffe1');
Insert into ACTIVITIES (ID,CARD_ID,LABEL,ACTIVITY_TYPE,BTN_LABEL,CHAPTER_NAME,CHAPTER_DESC,CHAPTER_ICON,CHAPTER_BG_COLOR) values ('tense',13,'Pick the right option','classifySentence',null,null,null,null,null);
Insert into ACTIVITIES (ID,CARD_ID,LABEL,ACTIVITY_TYPE,BTN_LABEL,CHAPTER_NAME,CHAPTER_DESC,CHAPTER_ICON,CHAPTER_BG_COLOR) values ('complete-prefix',12,'Join the Words','completePuzzle','Puzzle',null,null,null,null);
Insert into ACTIVITIES (ID,CARD_ID,LABEL,ACTIVITY_TYPE,BTN_LABEL,CHAPTER_NAME,CHAPTER_DESC,CHAPTER_ICON,CHAPTER_BG_COLOR) values ('meanings',12,'Match the Pairs','match','Match',null,null,null,null);
Insert into ACTIVITIES (ID,CARD_ID,LABEL,ACTIVITY_TYPE,BTN_LABEL,CHAPTER_NAME,CHAPTER_DESC,CHAPTER_ICON,CHAPTER_BG_COLOR) values ('hi-antonyms',12,'Choose the Antonym','mcq','MCQ',null,null,null,null);
Insert into ACTIVITIES (ID,CARD_ID,LABEL,ACTIVITY_TYPE,BTN_LABEL,CHAPTER_NAME,CHAPTER_DESC,CHAPTER_ICON,CHAPTER_BG_COLOR) values ('synonyms-12',12,'Pick the Right Option','classifySentence','Play',null,null,null,null);
Insert into ACTIVITIES (ID,CARD_ID,LABEL,ACTIVITY_TYPE,BTN_LABEL,CHAPTER_NAME,CHAPTER_DESC,CHAPTER_ICON,CHAPTER_BG_COLOR) values ('1758308519282',12,'Pick and Fill','matchByDragDrop','Fill Up by Drag',null,null,null,null);
Insert into ACTIVITIES (ID,CARD_ID,LABEL,ACTIVITY_TYPE,BTN_LABEL,CHAPTER_NAME,CHAPTER_DESC,CHAPTER_ICON,CHAPTER_BG_COLOR) values ('matchpartsofspeech',13,'निम्नलिखित को जोड़िए।','match',null,null,null,null,null);
Insert into ACTIVITIES (ID,CARD_ID,LABEL,ACTIVITY_TYPE,BTN_LABEL,CHAPTER_NAME,CHAPTER_DESC,CHAPTER_ICON,CHAPTER_BG_COLOR) values ('fillup',13,'Pick the right option','classifySentence',null,null,null,null,null);
Insert into ACTIVITIES (ID,CARD_ID,LABEL,ACTIVITY_TYPE,BTN_LABEL,CHAPTER_NAME,CHAPTER_DESC,CHAPTER_ICON,CHAPTER_BG_COLOR) values ('1757848968224',13,'Jumbled - Template','sequence','Jumbled',null,null,null,null);
Insert into ACTIVITIES (ID,CARD_ID,LABEL,ACTIVITY_TYPE,BTN_LABEL,CHAPTER_NAME,CHAPTER_DESC,CHAPTER_ICON,CHAPTER_BG_COLOR) values ('1757849333131',13,'Find the Word - Template','completeWord','Find the Word',null,null,null,null);
Insert into ACTIVITIES (ID,CARD_ID,LABEL,ACTIVITY_TYPE,BTN_LABEL,CHAPTER_NAME,CHAPTER_DESC,CHAPTER_ICON,CHAPTER_BG_COLOR) values ('hi-passage-2',11,'Listening Comprehension - 2','informationProcessing','Play',null,null,null,null);
Insert into ACTIVITIES (ID,CARD_ID,LABEL,ACTIVITY_TYPE,BTN_LABEL,CHAPTER_NAME,CHAPTER_DESC,CHAPTER_ICON,CHAPTER_BG_COLOR) values ('hi-passage-3',11,'Listening Comprehension - 3','informationProcessing','Play',null,null,null,null);
Insert into ACTIVITIES (ID,CARD_ID,LABEL,ACTIVITY_TYPE,BTN_LABEL,CHAPTER_NAME,CHAPTER_DESC,CHAPTER_ICON,CHAPTER_BG_COLOR) values ('1757915815790',16,'Picture Composition -1','informationProcessing','Information Processing','Picture Composition',null,null,null);
Insert into ACTIVITIES (ID,CARD_ID,LABEL,ACTIVITY_TYPE,BTN_LABEL,CHAPTER_NAME,CHAPTER_DESC,CHAPTER_ICON,CHAPTER_BG_COLOR) values ('1757921058731',16,'Picture Composition -2','informationProcessing','Information Processing','Picture Composition',null,null,null);
Insert into ACTIVITIES (ID,CARD_ID,LABEL,ACTIVITY_TYPE,BTN_LABEL,CHAPTER_NAME,CHAPTER_DESC,CHAPTER_ICON,CHAPTER_BG_COLOR) values ('1757921562396',16,'Picture Composition-3','informationProcessing','Information Processing','Picture Composition',null,null,null);
Insert into ACTIVITIES (ID,CARD_ID,LABEL,ACTIVITY_TYPE,BTN_LABEL,CHAPTER_NAME,CHAPTER_DESC,CHAPTER_ICON,CHAPTER_BG_COLOR) values ('1757922067874',16,'Picture Composition -4','informationProcessing','Information Processing','Picture Composition',null,null,null);
Insert into ACTIVITIES (ID,CARD_ID,LABEL,ACTIVITY_TYPE,BTN_LABEL,CHAPTER_NAME,CHAPTER_DESC,CHAPTER_ICON,CHAPTER_BG_COLOR) values ('1757922894511',16,'Picture Composition -5','informationProcessing','Information Processing','Picture Composition',null,null,null);
Insert into ACTIVITIES (ID,CARD_ID,LABEL,ACTIVITY_TYPE,BTN_LABEL,CHAPTER_NAME,CHAPTER_DESC,CHAPTER_ICON,CHAPTER_BG_COLOR) values ('1757939407145',16,'Fill up by drag - Template','matchByDragDrop','Fill Up by Drag','Guided Composition',null,null,null);
Insert into ACTIVITIES (ID,CARD_ID,LABEL,ACTIVITY_TYPE,BTN_LABEL,CHAPTER_NAME,CHAPTER_DESC,CHAPTER_ICON,CHAPTER_BG_COLOR) values ('1757941616929',16,'Information Processing','informationProcessing','Information Processing','Guided Composition',null,null,null);
Insert into ACTIVITIES (ID,CARD_ID,LABEL,ACTIVITY_TYPE,BTN_LABEL,CHAPTER_NAME,CHAPTER_DESC,CHAPTER_ICON,CHAPTER_BG_COLOR) values ('1757942653955',16,'Fill up by drag - Template','matchByDragDrop','Fill Up by Drag','Guided Composition',null,null,null);
Insert into ACTIVITIES (ID,CARD_ID,LABEL,ACTIVITY_TYPE,BTN_LABEL,CHAPTER_NAME,CHAPTER_DESC,CHAPTER_ICON,CHAPTER_BG_COLOR) values ('1758021182241',16,'Information Processing','informationProcessing','Information Processing','Guided Composition',null,null,null);
Insert into ACTIVITIES (ID,CARD_ID,LABEL,ACTIVITY_TYPE,BTN_LABEL,CHAPTER_NAME,CHAPTER_DESC,CHAPTER_ICON,CHAPTER_BG_COLOR) values ('1758021628693',16,'My Drag and Drop','dragAndDrop',null,'Guided Composition',null,null,null);
Insert into ACTIVITIES (ID,CARD_ID,LABEL,ACTIVITY_TYPE,BTN_LABEL,CHAPTER_NAME,CHAPTER_DESC,CHAPTER_ICON,CHAPTER_BG_COLOR) values ('pass-1',11,'Listening Comprehension','informationProcessing','Play',null,null,null,null);
REM INSERTING into ACTIVITY_DATA
SET DEFINE OFF;
Insert into ACTIVITY_DATA (ACTIVITY_ID) values ('100');
Insert into ACTIVITY_DATA (ACTIVITY_ID) values ('1000');
Insert into ACTIVITY_DATA (ACTIVITY_ID) values ('1100');
Insert into ACTIVITY_DATA (ACTIVITY_ID) values ('1200');
Insert into ACTIVITY_DATA (ACTIVITY_ID) values ('1400');
Insert into ACTIVITY_DATA (ACTIVITY_ID) values ('1500');
Insert into ACTIVITY_DATA (ACTIVITY_ID) values ('1600');
Insert into ACTIVITY_DATA (ACTIVITY_ID) values ('1700');
Insert into ACTIVITY_DATA (ACTIVITY_ID) values ('1754297798409');
Insert into ACTIVITY_DATA (ACTIVITY_ID) values ('1756062837382');
Insert into ACTIVITY_DATA (ACTIVITY_ID) values ('1756062897496');
Insert into ACTIVITY_DATA (ACTIVITY_ID) values ('1756090867039');
Insert into ACTIVITY_DATA (ACTIVITY_ID) values ('1756091571715');
Insert into ACTIVITY_DATA (ACTIVITY_ID) values ('1756092970425');
Insert into ACTIVITY_DATA (ACTIVITY_ID) values ('1756093848658');
Insert into ACTIVITY_DATA (ACTIVITY_ID) values ('1756094375441');
Insert into ACTIVITY_DATA (ACTIVITY_ID) values ('1756095528570');
Insert into ACTIVITY_DATA (ACTIVITY_ID) values ('1756095548806');
Insert into ACTIVITY_DATA (ACTIVITY_ID) values ('1756097510635');
Insert into ACTIVITY_DATA (ACTIVITY_ID) values ('1756100383128');
Insert into ACTIVITY_DATA (ACTIVITY_ID) values ('1756103186596');
Insert into ACTIVITY_DATA (ACTIVITY_ID) values ('1756103457224');
Insert into ACTIVITY_DATA (ACTIVITY_ID) values ('1756107405727');
Insert into ACTIVITY_DATA (ACTIVITY_ID) values ('1756108433517');
Insert into ACTIVITY_DATA (ACTIVITY_ID) values ('1756108908735');
Insert into ACTIVITY_DATA (ACTIVITY_ID) values ('1756109033835');
Insert into ACTIVITY_DATA (ACTIVITY_ID) values ('1756109515064');
Insert into ACTIVITY_DATA (ACTIVITY_ID) values ('1756111329968');
Insert into ACTIVITY_DATA (ACTIVITY_ID) values ('1756112619829');
Insert into ACTIVITY_DATA (ACTIVITY_ID) values ('1756115092550');
Insert into ACTIVITY_DATA (ACTIVITY_ID) values ('1756122674790');
Insert into ACTIVITY_DATA (ACTIVITY_ID) values ('1756124091371');
Insert into ACTIVITY_DATA (ACTIVITY_ID) values ('1756325093519');
Insert into ACTIVITY_DATA (ACTIVITY_ID) values ('1756325445557');
Insert into ACTIVITY_DATA (ACTIVITY_ID) values ('1756356826622');
Insert into ACTIVITY_DATA (ACTIVITY_ID) values ('1757386080431');
Insert into ACTIVITY_DATA (ACTIVITY_ID) values ('1757387063782');
Insert into ACTIVITY_DATA (ACTIVITY_ID) values ('1757388849396');
Insert into ACTIVITY_DATA (ACTIVITY_ID) values ('1757389681026');
Insert into ACTIVITY_DATA (ACTIVITY_ID) values ('1757390609594');
Insert into ACTIVITY_DATA (ACTIVITY_ID) values ('1757505238868');
Insert into ACTIVITY_DATA (ACTIVITY_ID) values ('1757848968224');
Insert into ACTIVITY_DATA (ACTIVITY_ID) values ('1757849333131');
Insert into ACTIVITY_DATA (ACTIVITY_ID) values ('1757910991719');
Insert into ACTIVITY_DATA (ACTIVITY_ID) values ('1757914602281');
Insert into ACTIVITY_DATA (ACTIVITY_ID) values ('1757914740197');
Insert into ACTIVITY_DATA (ACTIVITY_ID) values ('1757914960802');
Insert into ACTIVITY_DATA (ACTIVITY_ID) values ('1757915815790');
Insert into ACTIVITY_DATA (ACTIVITY_ID) values ('1757921058731');
Insert into ACTIVITY_DATA (ACTIVITY_ID) values ('1757921562396');
Insert into ACTIVITY_DATA (ACTIVITY_ID) values ('1757922067874');
Insert into ACTIVITY_DATA (ACTIVITY_ID) values ('1757922894511');
Insert into ACTIVITY_DATA (ACTIVITY_ID) values ('1757939407145');
Insert into ACTIVITY_DATA (ACTIVITY_ID) values ('1757941616929');
Insert into ACTIVITY_DATA (ACTIVITY_ID) values ('1757942653955');
Insert into ACTIVITY_DATA (ACTIVITY_ID) values ('1758021182241');
Insert into ACTIVITY_DATA (ACTIVITY_ID) values ('1758021628693');
Insert into ACTIVITY_DATA (ACTIVITY_ID) values ('1758308519282');
Insert into ACTIVITY_DATA (ACTIVITY_ID) values ('1800');
Insert into ACTIVITY_DATA (ACTIVITY_ID) values ('1900');
Insert into ACTIVITY_DATA (ACTIVITY_ID) values ('200');
Insert into ACTIVITY_DATA (ACTIVITY_ID) values ('2000');
Insert into ACTIVITY_DATA (ACTIVITY_ID) values ('300');
Insert into ACTIVITY_DATA (ACTIVITY_ID) values ('400');
Insert into ACTIVITY_DATA (ACTIVITY_ID) values ('500');
Insert into ACTIVITY_DATA (ACTIVITY_ID) values ('600');
Insert into ACTIVITY_DATA (ACTIVITY_ID) values ('700');
Insert into ACTIVITY_DATA (ACTIVITY_ID) values ('800');
Insert into ACTIVITY_DATA (ACTIVITY_ID) values ('900');
Insert into ACTIVITY_DATA (ACTIVITY_ID) values ('act-20260331124338615');
Insert into ACTIVITY_DATA (ACTIVITY_ID) values ('complete-prefix');
Insert into ACTIVITY_DATA (ACTIVITY_ID) values ('fill-consonants');
Insert into ACTIVITY_DATA (ACTIVITY_ID) values ('fill-vowels');
Insert into ACTIVITY_DATA (ACTIVITY_ID) values ('fillup');
Insert into ACTIVITY_DATA (ACTIVITY_ID) values ('gr-gender');
Insert into ACTIVITY_DATA (ACTIVITY_ID) values ('gr-noun');
Insert into ACTIVITY_DATA (ACTIVITY_ID) values ('gr-pro-tense');
Insert into ACTIVITY_DATA (ACTIVITY_ID) values ('gr-tense-tense');
Insert into ACTIVITY_DATA (ACTIVITY_ID) values ('gr-verb-drag');
Insert into ACTIVITY_DATA (ACTIVITY_ID) values ('gr-verb-match');
Insert into ACTIVITY_DATA (ACTIVITY_ID) values ('hi-antonyms');
Insert into ACTIVITY_DATA (ACTIVITY_ID) values ('hi-passage-2');
Insert into ACTIVITY_DATA (ACTIVITY_ID) values ('hi-passage-3');
Insert into ACTIVITY_DATA (ACTIVITY_ID) values ('matchpartsofspeech');
Insert into ACTIVITY_DATA (ACTIVITY_ID) values ('meanings');
Insert into ACTIVITY_DATA (ACTIVITY_ID) values ('pass-1');
Insert into ACTIVITY_DATA (ACTIVITY_ID) values ('synonyms-12');
Insert into ACTIVITY_DATA (ACTIVITY_ID) values ('tense');
REM INSERTING into APP_MESSAGES
SET DEFINE OFF;
Insert into APP_MESSAGES (MSG_ID,SENDER,MESSAGE_TEXT,CREATED_AT) values (2,null,null,to_date('13-12-25','DD-MM-RR'));
Insert into APP_MESSAGES (MSG_ID,SENDER,MESSAGE_TEXT,CREATED_AT) values (3,null,null,to_date('13-12-25','DD-MM-RR'));
Insert into APP_MESSAGES (MSG_ID,SENDER,MESSAGE_TEXT,CREATED_AT) values (4,null,null,to_date('13-12-25','DD-MM-RR'));
Insert into APP_MESSAGES (MSG_ID,SENDER,MESSAGE_TEXT,CREATED_AT) values (5,null,null,to_date('13-12-25','DD-MM-RR'));
Insert into APP_MESSAGES (MSG_ID,SENDER,MESSAGE_TEXT,CREATED_AT) values (6,null,null,to_date('13-12-25','DD-MM-RR'));
Insert into APP_MESSAGES (MSG_ID,SENDER,MESSAGE_TEXT,CREATED_AT) values (7,null,null,to_date('13-12-25','DD-MM-RR'));
Insert into APP_MESSAGES (MSG_ID,SENDER,MESSAGE_TEXT,CREATED_AT) values (8,null,null,to_date('13-12-25','DD-MM-RR'));
Insert into APP_MESSAGES (MSG_ID,SENDER,MESSAGE_TEXT,CREATED_AT) values (9,null,null,to_date('13-12-25','DD-MM-RR'));
Insert into APP_MESSAGES (MSG_ID,SENDER,MESSAGE_TEXT,CREATED_AT) values (1,'System','Welcome to the message board.',to_date('13-12-25','DD-MM-RR'));
REM INSERTING into COMPLETEDWORD_ATTEMPTS
SET DEFINE OFF;
Insert into COMPLETEDWORD_ATTEMPTS (USER_ID,ACTIVITY_ID,SCORE,ATTEMPTED,STATUS,STARTED_AT,UPDATED_AT,COMPLETED_AT) values (208,'1757849333131',3,5,'COMPLETED',to_timestamp('30-03-26 3:56:46.184000000 PM','DD-MM-RR fmHH12:fmMI:SSXFF AM'),to_timestamp('30-03-26 3:56:53.782000000 PM','DD-MM-RR fmHH12:fmMI:SSXFF AM'),to_timestamp('30-03-26 3:56:53.823000000 PM','DD-MM-RR fmHH12:fmMI:SSXFF AM'));
Insert into COMPLETEDWORD_ATTEMPTS (USER_ID,ACTIVITY_ID,SCORE,ATTEMPTED,STATUS,STARTED_AT,UPDATED_AT,COMPLETED_AT) values (161,'spelling_01',1,1,'IN_PROGRESS',to_timestamp('27-03-26 4:35:47.859000000 PM','DD-MM-RR fmHH12:fmMI:SSXFF AM'),to_timestamp('27-03-26 4:35:50.057000000 PM','DD-MM-RR fmHH12:fmMI:SSXFF AM'),null);
Insert into COMPLETEDWORD_ATTEMPTS (USER_ID,ACTIVITY_ID,SCORE,ATTEMPTED,STATUS,STARTED_AT,UPDATED_AT,COMPLETED_AT) values (161,'fill-vowels',7,8,'COMPLETED',to_timestamp('27-03-26 4:42:23.571000000 PM','DD-MM-RR fmHH12:fmMI:SSXFF AM'),to_timestamp('28-03-26 10:44:28.123000000 AM','DD-MM-RR fmHH12:fmMI:SSXFF AM'),to_timestamp('28-03-26 10:44:28.311000000 AM','DD-MM-RR fmHH12:fmMI:SSXFF AM'));
Insert into COMPLETEDWORD_ATTEMPTS (USER_ID,ACTIVITY_ID,SCORE,ATTEMPTED,STATUS,STARTED_AT,UPDATED_AT,COMPLETED_AT) values (161,'fill-consonants',8,10,'COMPLETED',to_timestamp('30-03-26 11:00:43.885000000 AM','DD-MM-RR fmHH12:fmMI:SSXFF AM'),to_timestamp('30-03-26 11:01:07.418000000 AM','DD-MM-RR fmHH12:fmMI:SSXFF AM'),to_timestamp('30-03-26 11:01:07.492000000 AM','DD-MM-RR fmHH12:fmMI:SSXFF AM'));
Insert into COMPLETEDWORD_ATTEMPTS (USER_ID,ACTIVITY_ID,SCORE,ATTEMPTED,STATUS,STARTED_AT,UPDATED_AT,COMPLETED_AT) values (208,'fill-vowels',2,8,'COMPLETED',to_timestamp('31-03-26 1:54:52.847000000 PM','DD-MM-RR fmHH12:fmMI:SSXFF AM'),to_timestamp('31-03-26 1:55:05.848000000 PM','DD-MM-RR fmHH12:fmMI:SSXFF AM'),to_timestamp('31-03-26 1:55:05.906000000 PM','DD-MM-RR fmHH12:fmMI:SSXFF AM'));
REM INSERTING into CURRICULUM_CARDS
SET DEFINE OFF;
Insert into CURRICULUM_CARDS (ID,LABEL,SM_LABEL,CREATED_AT,MIME_TYPE,BG_MIME_TYPE,IS_CARD_VIEW,COLLAPSE_REST) values (13,'शब्दावली','Vocabulary',to_timestamp('10-01-26 7:37:54.279000000 AM','DD-MM-RR fmHH12:fmMI:SSXFF AM'),'image/png','image/jpeg','false','false');
Insert into CURRICULUM_CARDS (ID,LABEL,SM_LABEL,CREATED_AT,MIME_TYPE,BG_MIME_TYPE,IS_CARD_VIEW,COLLAPSE_REST) values (14,'वाक्य रचना','Sentences',to_timestamp('10-01-26 7:38:16.851000000 AM','DD-MM-RR fmHH12:fmMI:SSXFF AM'),'image/png','image/jpeg','false','false');
Insert into CURRICULUM_CARDS (ID,LABEL,SM_LABEL,CREATED_AT,MIME_TYPE,BG_MIME_TYPE,IS_CARD_VIEW,COLLAPSE_REST) values (10,'वर्तनी','Spelling',to_timestamp('10-01-26 7:32:27.085000000 AM','DD-MM-RR fmHH12:fmMI:SSXFF AM'),'image/png','image/jpeg','false','false');
Insert into CURRICULUM_CARDS (ID,LABEL,SM_LABEL,CREATED_AT,MIME_TYPE,BG_MIME_TYPE,IS_CARD_VIEW,COLLAPSE_REST) values (19,'शब्द खोज','Word Search',to_timestamp('10-01-26 7:40:53.600000000 AM','DD-MM-RR fmHH12:fmMI:SSXFF AM'),'image/png','image/jpeg','false','false');
Insert into CURRICULUM_CARDS (ID,LABEL,SM_LABEL,CREATED_AT,MIME_TYPE,BG_MIME_TYPE,IS_CARD_VIEW,COLLAPSE_REST) values (12,'शब्द निर्माण','Word Building',to_timestamp('10-01-26 7:33:47.678000000 AM','DD-MM-RR fmHH12:fmMI:SSXFF AM'),'image/png','image/jpeg','false','false');
Insert into CURRICULUM_CARDS (ID,LABEL,SM_LABEL,CREATED_AT,MIME_TYPE,BG_MIME_TYPE,IS_CARD_VIEW,COLLAPSE_REST) values (15,'आशय समझना','Comprehension',to_timestamp('10-01-26 7:39:16.952000000 AM','DD-MM-RR fmHH12:fmMI:SSXFF AM'),'image/png','image/jpeg','false','false');
Insert into CURRICULUM_CARDS (ID,LABEL,SM_LABEL,CREATED_AT,MIME_TYPE,BG_MIME_TYPE,IS_CARD_VIEW,COLLAPSE_REST) values (11,'सुनना और समझना','Listening Comprehension',to_timestamp('10-01-26 7:33:19.921000000 AM','DD-MM-RR fmHH12:fmMI:SSXFF AM'),'image/png','image/jpeg','false','false');
Insert into CURRICULUM_CARDS (ID,LABEL,SM_LABEL,CREATED_AT,MIME_TYPE,BG_MIME_TYPE,IS_CARD_VIEW,COLLAPSE_REST) values (16,'निबंध','Composition',to_timestamp('10-01-26 7:39:39.551000000 AM','DD-MM-RR fmHH12:fmMI:SSXFF AM'),'image/png','image/jpeg','false','false');
Insert into CURRICULUM_CARDS (ID,LABEL,SM_LABEL,CREATED_AT,MIME_TYPE,BG_MIME_TYPE,IS_CARD_VIEW,COLLAPSE_REST) values (17,'मुहावरे, कहावतें','Idioms, Proverbs',to_timestamp('10-01-26 7:40:04.944000000 AM','DD-MM-RR fmHH12:fmMI:SSXFF AM'),'image/png','image/jpeg','false','false');
Insert into CURRICULUM_CARDS (ID,LABEL,SM_LABEL,CREATED_AT,MIME_TYPE,BG_MIME_TYPE,IS_CARD_VIEW,COLLAPSE_REST) values (18,'व्याकरण','Grammar',to_timestamp('10-01-26 7:40:28.341000000 AM','DD-MM-RR fmHH12:fmMI:SSXFF AM'),'image/png','image/jpeg','true','true');
REM INSERTING into EMPLOYEES
SET DEFINE OFF;
Insert into EMPLOYEES (EMP_ID,FULL_NAME,JOB_ROLE,SALARY) values (101,'John Doe','Manager',85000);
Insert into EMPLOYEES (EMP_ID,FULL_NAME,JOB_ROLE,SALARY) values (102,'Jane Smith','Software Engineer',92000);
Insert into EMPLOYEES (EMP_ID,FULL_NAME,JOB_ROLE,SALARY) values (103,'Sam Brown','Designer',75000);
REM INSERTING into KONZEPTES_ICONS_BASE64
SET DEFINE OFF;
Insert into KONZEPTES_ICONS_BASE64 (ICON_ID,MIME_TYPE,UPDATED_AT) values ('composition','image/png',to_timestamp('06-01-26 5:33:44.676000000 AM','DD-MM-RR fmHH12:fmMI:SSXFF AM'));
Insert into KONZEPTES_ICONS_BASE64 (ICON_ID,MIME_TYPE,UPDATED_AT) values ('comprehension','image/png',to_timestamp('06-01-26 5:33:45.262000000 AM','DD-MM-RR fmHH12:fmMI:SSXFF AM'));
Insert into KONZEPTES_ICONS_BASE64 (ICON_ID,MIME_TYPE,UPDATED_AT) values ('grammar','image/png',to_timestamp('06-01-26 5:33:45.304000000 AM','DD-MM-RR fmHH12:fmMI:SSXFF AM'));
Insert into KONZEPTES_ICONS_BASE64 (ICON_ID,MIME_TYPE,UPDATED_AT) values ('idioms-proverbs','image/png',to_timestamp('06-01-26 5:33:45.346000000 AM','DD-MM-RR fmHH12:fmMI:SSXFF AM'));
Insert into KONZEPTES_ICONS_BASE64 (ICON_ID,MIME_TYPE,UPDATED_AT) values ('listening-comprehension','image/png',to_timestamp('06-01-26 5:33:45.405000000 AM','DD-MM-RR fmHH12:fmMI:SSXFF AM'));
Insert into KONZEPTES_ICONS_BASE64 (ICON_ID,MIME_TYPE,UPDATED_AT) values ('sentences','image/png',to_timestamp('06-01-26 5:33:45.472000000 AM','DD-MM-RR fmHH12:fmMI:SSXFF AM'));
Insert into KONZEPTES_ICONS_BASE64 (ICON_ID,MIME_TYPE,UPDATED_AT) values ('spelling','image/png',to_timestamp('06-01-26 5:33:45.544000000 AM','DD-MM-RR fmHH12:fmMI:SSXFF AM'));
Insert into KONZEPTES_ICONS_BASE64 (ICON_ID,MIME_TYPE,UPDATED_AT) values ('vocabulary','image/png',to_timestamp('06-01-26 5:33:45.615000000 AM','DD-MM-RR fmHH12:fmMI:SSXFF AM'));
Insert into KONZEPTES_ICONS_BASE64 (ICON_ID,MIME_TYPE,UPDATED_AT) values ('word-building','image/png',to_timestamp('06-01-26 5:33:45.681000000 AM','DD-MM-RR fmHH12:fmMI:SSXFF AM'));
Insert into KONZEPTES_ICONS_BASE64 (ICON_ID,MIME_TYPE,UPDATED_AT) values ('word-search','image/png',to_timestamp('06-01-26 5:33:45.725000000 AM','DD-MM-RR fmHH12:fmMI:SSXFF AM'));
REM INSERTING into KONZEPTES_ICONS_BLOB
SET DEFINE OFF;
Insert into KONZEPTES_ICONS_BLOB (ICON_ID,MIME_TYPE) values ('grammar.png','image/png');
Insert into KONZEPTES_ICONS_BLOB (ICON_ID,MIME_TYPE) values ('composition.png','image/png');
Insert into KONZEPTES_ICONS_BLOB (ICON_ID,MIME_TYPE) values ('listening-comprehension.png','image/png');
Insert into KONZEPTES_ICONS_BLOB (ICON_ID,MIME_TYPE) values ('vocabulary.png','image/png');
Insert into KONZEPTES_ICONS_BLOB (ICON_ID,MIME_TYPE) values ('idioms-proverbs.png','image/png');
Insert into KONZEPTES_ICONS_BLOB (ICON_ID,MIME_TYPE) values ('comprehension.png','image/png');
Insert into KONZEPTES_ICONS_BLOB (ICON_ID,MIME_TYPE) values ('spelling.png','image/png');
Insert into KONZEPTES_ICONS_BLOB (ICON_ID,MIME_TYPE) values ('word-search.png','image/png');
Insert into KONZEPTES_ICONS_BLOB (ICON_ID,MIME_TYPE) values ('word-building.png','image/png');
Insert into KONZEPTES_ICONS_BLOB (ICON_ID,MIME_TYPE) values ('sentences.png','image/png');
REM INSERTING into LMS_ADMINS
SET DEFINE OFF;
Insert into LMS_ADMINS (ADMIN_ID,ADMIN_NAME,EMAIL,PASSWORD_HASH,ROLE,STATUS,LAST_LOGIN_AT,CREATED_AT,MOBILE) values (1,'Jaskrit','admin@test.com','925D2E9BB3679C1B9DD58AB20BB974FDC61F3FF4DB5E12BB54FAB0600261C7B3','ADMIN','ACTIVE',to_timestamp('01-04-26 10:16:48.134000000 AM','DD-MM-RR fmHH12:fmMI:SSXFF AM'),to_timestamp('22-12-25 12:53:00.423000000 PM','DD-MM-RR fmHH12:fmMI:SSXFF AM'),'9668540632');
REM INSERTING into LMS_STAFF
SET DEFINE OFF;
Insert into LMS_STAFF (USER_ID,NAME,GENDER,EMAIL,MOBILE_NUMBER,ROLE,STATUS) values (101,'John Doe','Male','john@example.com','1234567890','Admin','yes');
Insert into LMS_STAFF (USER_ID,NAME,GENDER,EMAIL,MOBILE_NUMBER,ROLE,STATUS) values (102,'Jane Smith','Female','jane@example.com','0987654321','Editor','yes');
Insert into LMS_STAFF (USER_ID,NAME,GENDER,EMAIL,MOBILE_NUMBER,ROLE,STATUS) values (61,'Robin','Male','robin404@gmail.com','9856741236','Manager','yes');
REM INSERTING into LMS_USERS
SET DEFINE OFF;
Insert into LMS_USERS (USER_ID,SALUTATION,USER_LEVEL,MOBILE,EMAIL,PASSWORD_HASH,CREATED_AT,P_FIRST_NAME,P_LAST_NAME,C_FIRST_NAME,C_LAST_NAME,USER_PACKAGE) values (208,'Mr.','hard','9668540632','tarun@gmail.com','D48EDD33FB7DC8A98D8C9B21506A95A4C106D5A45F90ED6C4156E786E8B2D6C3',to_timestamp('30-03-26 1:08:46.921000000 PM','DD-MM-RR fmHH12:fmMI:SSXFF AM'),'Tarun','Kumar','Suuu','Hoooo','free');
REM INSERTING into LOGIN_HISTORY
SET DEFINE OFF;
Insert into LOGIN_HISTORY (LOG_ID,USER_EMAIL,LOGIN_TIME,STATUS) values (3,'tarun12322@gmail.com',to_timestamp('15-12-25 11:45:37.381000000 AM','DD-MM-RR fmHH12:fmMI:SSXFF AM'),'SUCCESS');
Insert into LOGIN_HISTORY (LOG_ID,USER_EMAIL,LOGIN_TIME,STATUS) values (5,'tarun12322@gmail.com',to_timestamp('15-12-25 1:25:07.746000000 PM','DD-MM-RR fmHH12:fmMI:SSXFF AM'),'SUCCESS');
Insert into LOGIN_HISTORY (LOG_ID,USER_EMAIL,LOGIN_TIME,STATUS) values (9,'abhay123@gmail.com',to_timestamp('15-12-25 3:02:05.254000000 PM','DD-MM-RR fmHH12:fmMI:SSXFF AM'),'SUCCESS');
Insert into LOGIN_HISTORY (LOG_ID,USER_EMAIL,LOGIN_TIME,STATUS) values (10,'abhay123@gmil.com',to_timestamp('15-12-25 3:20:24.953000000 PM','DD-MM-RR fmHH12:fmMI:SSXFF AM'),'FAILED');
Insert into LOGIN_HISTORY (LOG_ID,USER_EMAIL,LOGIN_TIME,STATUS) values (12,'tarun123@gmail.com',to_timestamp('15-12-25 5:42:39.174000000 PM','DD-MM-RR fmHH12:fmMI:SSXFF AM'),'SUCCESS');
Insert into LOGIN_HISTORY (LOG_ID,USER_EMAIL,LOGIN_TIME,STATUS) values (14,'tarun123@gmail.com',to_timestamp('15-12-25 6:40:09.947000000 PM','DD-MM-RR fmHH12:fmMI:SSXFF AM'),'FAILED');
Insert into LOGIN_HISTORY (LOG_ID,USER_EMAIL,LOGIN_TIME,STATUS) values (15,'tarun123@gmail.com',to_timestamp('16-12-25 10:48:05.844000000 AM','DD-MM-RR fmHH12:fmMI:SSXFF AM'),'SUCCESS');
Insert into LOGIN_HISTORY (LOG_ID,USER_EMAIL,LOGIN_TIME,STATUS) values (16,'tarun123@gmail.com',to_timestamp('16-12-25 11:13:31.155000000 AM','DD-MM-RR fmHH12:fmMI:SSXFF AM'),'SUCCESS');
Insert into LOGIN_HISTORY (LOG_ID,USER_EMAIL,LOGIN_TIME,STATUS) values (17,'tarun12322@gmail.com',to_timestamp('16-12-25 11:15:13.277000000 AM','DD-MM-RR fmHH12:fmMI:SSXFF AM'),'SUCCESS');
Insert into LOGIN_HISTORY (LOG_ID,USER_EMAIL,LOGIN_TIME,STATUS) values (18,'tarun123@gmail.com',to_timestamp('16-12-25 11:32:11.721000000 AM','DD-MM-RR fmHH12:fmMI:SSXFF AM'),'SUCCESS');
Insert into LOGIN_HISTORY (LOG_ID,USER_EMAIL,LOGIN_TIME,STATUS) values (19,'abhay123@gmail.com',to_timestamp('16-12-25 11:33:58.488000000 AM','DD-MM-RR fmHH12:fmMI:SSXFF AM'),'SUCCESS');
Insert into LOGIN_HISTORY (LOG_ID,USER_EMAIL,LOGIN_TIME,STATUS) values (20,'ktarun123@gmail.com',to_timestamp('16-12-25 11:41:53.269000000 AM','DD-MM-RR fmHH12:fmMI:SSXFF AM'),'FAILED');
Insert into LOGIN_HISTORY (LOG_ID,USER_EMAIL,LOGIN_TIME,STATUS) values (21,'tarun123@gmail.com',to_timestamp('16-12-25 11:43:56.128000000 AM','DD-MM-RR fmHH12:fmMI:SSXFF AM'),'SUCCESS');
Insert into LOGIN_HISTORY (LOG_ID,USER_EMAIL,LOGIN_TIME,STATUS) values (22,'tarun123@gmail.com',to_timestamp('16-12-25 11:46:27.027000000 AM','DD-MM-RR fmHH12:fmMI:SSXFF AM'),'SUCCESS');
Insert into LOGIN_HISTORY (LOG_ID,USER_EMAIL,LOGIN_TIME,STATUS) values (23,'tarun123@gmail.com',to_timestamp('16-12-25 11:50:22.138000000 AM','DD-MM-RR fmHH12:fmMI:SSXFF AM'),'SUCCESS');
Insert into LOGIN_HISTORY (LOG_ID,USER_EMAIL,LOGIN_TIME,STATUS) values (24,'tarun203@gmail.com',to_timestamp('16-12-25 11:52:21.771000000 AM','DD-MM-RR fmHH12:fmMI:SSXFF AM'),'FAILED');
Insert into LOGIN_HISTORY (LOG_ID,USER_EMAIL,LOGIN_TIME,STATUS) values (25,'tarun123@gmail.com',to_timestamp('16-12-25 11:53:27.016000000 AM','DD-MM-RR fmHH12:fmMI:SSXFF AM'),'SUCCESS');
Insert into LOGIN_HISTORY (LOG_ID,USER_EMAIL,LOGIN_TIME,STATUS) values (26,'tarun123@gmail.com',to_timestamp('16-12-25 12:01:55.081000000 PM','DD-MM-RR fmHH12:fmMI:SSXFF AM'),'SUCCESS');
Insert into LOGIN_HISTORY (LOG_ID,USER_EMAIL,LOGIN_TIME,STATUS) values (27,'tarun123@gmail.com',to_timestamp('16-12-25 12:03:14.767000000 PM','DD-MM-RR fmHH12:fmMI:SSXFF AM'),'SUCCESS');
Insert into LOGIN_HISTORY (LOG_ID,USER_EMAIL,LOGIN_TIME,STATUS) values (28,'abhay123@gmail.com',to_timestamp('16-12-25 12:04:22.173000000 PM','DD-MM-RR fmHH12:fmMI:SSXFF AM'),'SUCCESS');
Insert into LOGIN_HISTORY (LOG_ID,USER_EMAIL,LOGIN_TIME,STATUS) values (29,'tarun123@gmail.com',to_timestamp('16-12-25 12:57:04.640000000 PM','DD-MM-RR fmHH12:fmMI:SSXFF AM'),'SUCCESS');
Insert into LOGIN_HISTORY (LOG_ID,USER_EMAIL,LOGIN_TIME,STATUS) values (30,'tarun123@gmail.com',to_timestamp('16-12-25 1:23:38.768000000 PM','DD-MM-RR fmHH12:fmMI:SSXFF AM'),'SUCCESS');
Insert into LOGIN_HISTORY (LOG_ID,USER_EMAIL,LOGIN_TIME,STATUS) values (31,'tarun123@gmail.com',to_timestamp('16-12-25 1:24:32.771000000 PM','DD-MM-RR fmHH12:fmMI:SSXFF AM'),'SUCCESS');
Insert into LOGIN_HISTORY (LOG_ID,USER_EMAIL,LOGIN_TIME,STATUS) values (32,'tarun123@gmail.com',to_timestamp('16-12-25 1:29:10.924000000 PM','DD-MM-RR fmHH12:fmMI:SSXFF AM'),'SUCCESS');
Insert into LOGIN_HISTORY (LOG_ID,USER_EMAIL,LOGIN_TIME,STATUS) values (33,'tarun@123gmail.com',to_timestamp('16-12-25 1:33:02.194000000 PM','DD-MM-RR fmHH12:fmMI:SSXFF AM'),'FAILED');
Insert into LOGIN_HISTORY (LOG_ID,USER_EMAIL,LOGIN_TIME,STATUS) values (34,'asdad@gmail.com',to_timestamp('16-12-25 1:34:58.397000000 PM','DD-MM-RR fmHH12:fmMI:SSXFF AM'),'FAILED');
Insert into LOGIN_HISTORY (LOG_ID,USER_EMAIL,LOGIN_TIME,STATUS) values (35,'tarun123adan@gmail.com',to_timestamp('16-12-25 1:43:15.005000000 PM','DD-MM-RR fmHH12:fmMI:SSXFF AM'),'FAILED');
Insert into LOGIN_HISTORY (LOG_ID,USER_EMAIL,LOGIN_TIME,STATUS) values (36,'agsa123@gmail.com',to_timestamp('16-12-25 1:43:55.684000000 PM','DD-MM-RR fmHH12:fmMI:SSXFF AM'),'FAILED');
Insert into LOGIN_HISTORY (LOG_ID,USER_EMAIL,LOGIN_TIME,STATUS) values (37,'zsdad@sagmail.com',to_timestamp('16-12-25 1:46:48.370000000 PM','DD-MM-RR fmHH12:fmMI:SSXFF AM'),'FAILED');
Insert into LOGIN_HISTORY (LOG_ID,USER_EMAIL,LOGIN_TIME,STATUS) values (38,'zsdad@sagmail.com',to_timestamp('16-12-25 1:46:50.255000000 PM','DD-MM-RR fmHH12:fmMI:SSXFF AM'),'FAILED');
Insert into LOGIN_HISTORY (LOG_ID,USER_EMAIL,LOGIN_TIME,STATUS) values (39,'zsdad@sagmail.com',to_timestamp('16-12-25 1:46:51.463000000 PM','DD-MM-RR fmHH12:fmMI:SSXFF AM'),'FAILED');
Insert into LOGIN_HISTORY (LOG_ID,USER_EMAIL,LOGIN_TIME,STATUS) values (40,'sdfdsfs@gmail.com',to_timestamp('16-12-25 1:47:16.361000000 PM','DD-MM-RR fmHH12:fmMI:SSXFF AM'),'FAILED');
Insert into LOGIN_HISTORY (LOG_ID,USER_EMAIL,LOGIN_TIME,STATUS) values (41,'addas@adadad',to_timestamp('16-12-25 2:54:35.517000000 PM','DD-MM-RR fmHH12:fmMI:SSXFF AM'),'FAILED');
Insert into LOGIN_HISTORY (LOG_ID,USER_EMAIL,LOGIN_TIME,STATUS) values (42,'addas@adadad',to_timestamp('16-12-25 2:54:36.459000000 PM','DD-MM-RR fmHH12:fmMI:SSXFF AM'),'FAILED');
Insert into LOGIN_HISTORY (LOG_ID,USER_EMAIL,LOGIN_TIME,STATUS) values (43,'addas@adadad',to_timestamp('16-12-25 2:54:38.179000000 PM','DD-MM-RR fmHH12:fmMI:SSXFF AM'),'FAILED');
Insert into LOGIN_HISTORY (LOG_ID,USER_EMAIL,LOGIN_TIME,STATUS) values (44,'adads@dasdgmail.com',to_timestamp('16-12-25 2:58:09.909000000 PM','DD-MM-RR fmHH12:fmMI:SSXFF AM'),'FAILED');
Insert into LOGIN_HISTORY (LOG_ID,USER_EMAIL,LOGIN_TIME,STATUS) values (45,'abhay123@gmail.com',to_timestamp('16-12-25 3:11:58.399000000 PM','DD-MM-RR fmHH12:fmMI:SSXFF AM'),'SUCCESS');
Insert into LOGIN_HISTORY (LOG_ID,USER_EMAIL,LOGIN_TIME,STATUS) values (46,'tarun123@gmail.com',to_timestamp('16-12-25 3:26:48.484000000 PM','DD-MM-RR fmHH12:fmMI:SSXFF AM'),'SUCCESS');
Insert into LOGIN_HISTORY (LOG_ID,USER_EMAIL,LOGIN_TIME,STATUS) values (47,'tarun123@gmail.com',to_timestamp('16-12-25 3:38:25.405000000 PM','DD-MM-RR fmHH12:fmMI:SSXFF AM'),'SUCCESS');
Insert into LOGIN_HISTORY (LOG_ID,USER_EMAIL,LOGIN_TIME,STATUS) values (48,'tarun123@gmail.com',to_timestamp('16-12-25 3:58:13.196000000 PM','DD-MM-RR fmHH12:fmMI:SSXFF AM'),'SUCCESS');
Insert into LOGIN_HISTORY (LOG_ID,USER_EMAIL,LOGIN_TIME,STATUS) values (49,'tarun123@gmail.com',to_timestamp('16-12-25 3:59:24.870000000 PM','DD-MM-RR fmHH12:fmMI:SSXFF AM'),'FAILED');
Insert into LOGIN_HISTORY (LOG_ID,USER_EMAIL,LOGIN_TIME,STATUS) values (50,'tarun123@gmail.com',to_timestamp('16-12-25 3:59:33.744000000 PM','DD-MM-RR fmHH12:fmMI:SSXFF AM'),'SUCCESS');
Insert into LOGIN_HISTORY (LOG_ID,USER_EMAIL,LOGIN_TIME,STATUS) values (52,'abhay123@gmail.com',to_timestamp('16-12-25 4:12:54.223000000 PM','DD-MM-RR fmHH12:fmMI:SSXFF AM'),'SUCCESS');
Insert into LOGIN_HISTORY (LOG_ID,USER_EMAIL,LOGIN_TIME,STATUS) values (53,'abhay123@gmail.com',to_timestamp('16-12-25 4:56:26.362000000 PM','DD-MM-RR fmHH12:fmMI:SSXFF AM'),'SUCCESS');
Insert into LOGIN_HISTORY (LOG_ID,USER_EMAIL,LOGIN_TIME,STATUS) values (54,'abhay123@gmail.com',to_timestamp('16-12-25 6:02:16.016000000 PM','DD-MM-RR fmHH12:fmMI:SSXFF AM'),'SUCCESS');
Insert into LOGIN_HISTORY (LOG_ID,USER_EMAIL,LOGIN_TIME,STATUS) values (55,'abhay123@gmail.com',to_timestamp('16-12-25 6:30:44.655000000 PM','DD-MM-RR fmHH12:fmMI:SSXFF AM'),'SUCCESS');
Insert into LOGIN_HISTORY (LOG_ID,USER_EMAIL,LOGIN_TIME,STATUS) values (56,'abhay123@gmail.com',to_timestamp('16-12-25 6:38:05.108000000 PM','DD-MM-RR fmHH12:fmMI:SSXFF AM'),'SUCCESS');
Insert into LOGIN_HISTORY (LOG_ID,USER_EMAIL,LOGIN_TIME,STATUS) values (57,'abhay123@gmail.com',to_timestamp('16-12-25 6:38:37.717000000 PM','DD-MM-RR fmHH12:fmMI:SSXFF AM'),'SUCCESS');
Insert into LOGIN_HISTORY (LOG_ID,USER_EMAIL,LOGIN_TIME,STATUS) values (107,'test11@gmail.com',to_timestamp('18-12-25 10:31:44.045000000 AM','DD-MM-RR fmHH12:fmMI:SSXFF AM'),'SUCCESS');
Insert into LOGIN_HISTORY (LOG_ID,USER_EMAIL,LOGIN_TIME,STATUS) values (108,'test11@gmail.com',to_timestamp('18-12-25 10:54:15.646000000 AM','DD-MM-RR fmHH12:fmMI:SSXFF AM'),'SUCCESS');
Insert into LOGIN_HISTORY (LOG_ID,USER_EMAIL,LOGIN_TIME,STATUS) values (109,'test11@gmail.com',to_timestamp('18-12-25 10:58:07.590000000 AM','DD-MM-RR fmHH12:fmMI:SSXFF AM'),'SUCCESS');
Insert into LOGIN_HISTORY (LOG_ID,USER_EMAIL,LOGIN_TIME,STATUS) values (110,'test11@gmail.com',to_timestamp('18-12-25 11:13:47.258000000 AM','DD-MM-RR fmHH12:fmMI:SSXFF AM'),'SUCCESS');
Insert into LOGIN_HISTORY (LOG_ID,USER_EMAIL,LOGIN_TIME,STATUS) values (111,'qwe12@gmail.com',to_timestamp('18-12-25 11:21:05.723000000 AM','DD-MM-RR fmHH12:fmMI:SSXFF AM'),'FAILED');
Insert into LOGIN_HISTORY (LOG_ID,USER_EMAIL,LOGIN_TIME,STATUS) values (112,'asd1@gmail.com',to_timestamp('18-12-25 11:21:25.321000000 AM','DD-MM-RR fmHH12:fmMI:SSXFF AM'),'FAILED');
Insert into LOGIN_HISTORY (LOG_ID,USER_EMAIL,LOGIN_TIME,STATUS) values (113,'zxc1@gmail.com',to_timestamp('18-12-25 11:24:00.081000000 AM','DD-MM-RR fmHH12:fmMI:SSXFF AM'),'SUCCESS');
Insert into LOGIN_HISTORY (LOG_ID,USER_EMAIL,LOGIN_TIME,STATUS) values (114,'zxc1@gmail.com',to_timestamp('18-12-25 11:34:55.314000000 AM','DD-MM-RR fmHH12:fmMI:SSXFF AM'),'SUCCESS');
Insert into LOGIN_HISTORY (LOG_ID,USER_EMAIL,LOGIN_TIME,STATUS) values (115,'what123@gmail.com',to_timestamp('18-12-25 11:36:09.620000000 AM','DD-MM-RR fmHH12:fmMI:SSXFF AM'),'SUCCESS');
Insert into LOGIN_HISTORY (LOG_ID,USER_EMAIL,LOGIN_TIME,STATUS) values (116,'zxc1@gmail.com',to_timestamp('18-12-25 12:06:56.573000000 PM','DD-MM-RR fmHH12:fmMI:SSXFF AM'),'SUCCESS');
Insert into LOGIN_HISTORY (LOG_ID,USER_EMAIL,LOGIN_TIME,STATUS) values (117,'zxc1@gmail.com',to_timestamp('18-12-25 12:27:40.358000000 PM','DD-MM-RR fmHH12:fmMI:SSXFF AM'),'SUCCESS');
Insert into LOGIN_HISTORY (LOG_ID,USER_EMAIL,LOGIN_TIME,STATUS) values (118,'zxc1@gmail.com',to_timestamp('18-12-25 12:54:10.755000000 PM','DD-MM-RR fmHH12:fmMI:SSXFF AM'),'SUCCESS');
Insert into LOGIN_HISTORY (LOG_ID,USER_EMAIL,LOGIN_TIME,STATUS) values (119,'zxc1@gmail.com',to_timestamp('18-12-25 12:54:11.178000000 PM','DD-MM-RR fmHH12:fmMI:SSXFF AM'),'SUCCESS');
Insert into LOGIN_HISTORY (LOG_ID,USER_EMAIL,LOGIN_TIME,STATUS) values (120,'qwe12@gmail.com',to_timestamp('18-12-25 12:59:04.145000000 PM','DD-MM-RR fmHH12:fmMI:SSXFF AM'),'FAILED');
Insert into LOGIN_HISTORY (LOG_ID,USER_EMAIL,LOGIN_TIME,STATUS) values (121,'qwe12@gmail.com',to_timestamp('18-12-25 12:59:04.202000000 PM','DD-MM-RR fmHH12:fmMI:SSXFF AM'),'FAILED');
Insert into LOGIN_HISTORY (LOG_ID,USER_EMAIL,LOGIN_TIME,STATUS) values (122,'amen1@gmail.com',to_timestamp('18-12-25 1:00:53.085000000 PM','DD-MM-RR fmHH12:fmMI:SSXFF AM'),'SUCCESS');
Insert into LOGIN_HISTORY (LOG_ID,USER_EMAIL,LOGIN_TIME,STATUS) values (123,'amen1@gmail.com',to_timestamp('18-12-25 1:00:53.154000000 PM','DD-MM-RR fmHH12:fmMI:SSXFF AM'),'SUCCESS');
Insert into LOGIN_HISTORY (LOG_ID,USER_EMAIL,LOGIN_TIME,STATUS) values (124,'amen1@gmail.com',to_timestamp('18-12-25 1:19:37.376000000 PM','DD-MM-RR fmHH12:fmMI:SSXFF AM'),'SUCCESS');
Insert into LOGIN_HISTORY (LOG_ID,USER_EMAIL,LOGIN_TIME,STATUS) values (125,'amen1@gmail.com',to_timestamp('18-12-25 1:19:37.413000000 PM','DD-MM-RR fmHH12:fmMI:SSXFF AM'),'SUCCESS');
Insert into LOGIN_HISTORY (LOG_ID,USER_EMAIL,LOGIN_TIME,STATUS) values (126,'qwe12@gmail.com',to_timestamp('18-12-25 1:19:55.045000000 PM','DD-MM-RR fmHH12:fmMI:SSXFF AM'),'FAILED');
Insert into LOGIN_HISTORY (LOG_ID,USER_EMAIL,LOGIN_TIME,STATUS) values (127,'qwe12@gmail.com',to_timestamp('18-12-25 1:19:55.093000000 PM','DD-MM-RR fmHH12:fmMI:SSXFF AM'),'FAILED');
Insert into LOGIN_HISTORY (LOG_ID,USER_EMAIL,LOGIN_TIME,STATUS) values (128,'zxc1@gmail.com',to_timestamp('18-12-25 1:20:04.486000000 PM','DD-MM-RR fmHH12:fmMI:SSXFF AM'),'SUCCESS');
Insert into LOGIN_HISTORY (LOG_ID,USER_EMAIL,LOGIN_TIME,STATUS) values (129,'zxc1@gmail.com',to_timestamp('18-12-25 1:20:04.519000000 PM','DD-MM-RR fmHH12:fmMI:SSXFF AM'),'SUCCESS');
Insert into LOGIN_HISTORY (LOG_ID,USER_EMAIL,LOGIN_TIME,STATUS) values (130,'zxc1@gmail.com',to_timestamp('18-12-25 1:20:11.660000000 PM','DD-MM-RR fmHH12:fmMI:SSXFF AM'),'SUCCESS');
Insert into LOGIN_HISTORY (LOG_ID,USER_EMAIL,LOGIN_TIME,STATUS) values (131,'zxc1@gmail.com',to_timestamp('18-12-25 1:20:11.706000000 PM','DD-MM-RR fmHH12:fmMI:SSXFF AM'),'SUCCESS');
Insert into LOGIN_HISTORY (LOG_ID,USER_EMAIL,LOGIN_TIME,STATUS) values (132,'test11@gmail.com',to_timestamp('18-12-25 1:28:17.665000000 PM','DD-MM-RR fmHH12:fmMI:SSXFF AM'),'SUCCESS');
Insert into LOGIN_HISTORY (LOG_ID,USER_EMAIL,LOGIN_TIME,STATUS) values (133,'asd1@gmail.com',to_timestamp('18-12-25 1:30:16.807000000 PM','DD-MM-RR fmHH12:fmMI:SSXFF AM'),'SUCCESS');
Insert into LOGIN_HISTORY (LOG_ID,USER_EMAIL,LOGIN_TIME,STATUS) values (134,'asd1@gmail.com',to_timestamp('18-12-25 1:30:16.861000000 PM','DD-MM-RR fmHH12:fmMI:SSXFF AM'),'SUCCESS');
Insert into LOGIN_HISTORY (LOG_ID,USER_EMAIL,LOGIN_TIME,STATUS) values (135,'test11@gamil.com',to_timestamp('18-12-25 1:33:00.964000000 PM','DD-MM-RR fmHH12:fmMI:SSXFF AM'),'FAILED');
Insert into LOGIN_HISTORY (LOG_ID,USER_EMAIL,LOGIN_TIME,STATUS) values (136,'test11@gamil.com',to_timestamp('18-12-25 1:33:14.809000000 PM','DD-MM-RR fmHH12:fmMI:SSXFF AM'),'FAILED');
Insert into LOGIN_HISTORY (LOG_ID,USER_EMAIL,LOGIN_TIME,STATUS) values (137,'test11@gamil.com',to_timestamp('18-12-25 1:33:16.826000000 PM','DD-MM-RR fmHH12:fmMI:SSXFF AM'),'FAILED');
Insert into LOGIN_HISTORY (LOG_ID,USER_EMAIL,LOGIN_TIME,STATUS) values (138,'test11@gamil.com',to_timestamp('18-12-25 1:33:24.914000000 PM','DD-MM-RR fmHH12:fmMI:SSXFF AM'),'FAILED');
Insert into LOGIN_HISTORY (LOG_ID,USER_EMAIL,LOGIN_TIME,STATUS) values (139,'test11@gmail.com',to_timestamp('18-12-25 1:34:01.904000000 PM','DD-MM-RR fmHH12:fmMI:SSXFF AM'),'SUCCESS');
Insert into LOGIN_HISTORY (LOG_ID,USER_EMAIL,LOGIN_TIME,STATUS) values (140,'test11@gmail.com',to_timestamp('18-12-25 1:43:48.877000000 PM','DD-MM-RR fmHH12:fmMI:SSXFF AM'),'SUCCESS');
Insert into LOGIN_HISTORY (LOG_ID,USER_EMAIL,LOGIN_TIME,STATUS) values (141,'what123@gmail.com',to_timestamp('18-12-25 3:33:13.220000000 PM','DD-MM-RR fmHH12:fmMI:SSXFF AM'),'SUCCESS');
Insert into LOGIN_HISTORY (LOG_ID,USER_EMAIL,LOGIN_TIME,STATUS) values (101,'test11@gmail.com',to_timestamp('18-12-25 9:34:14.399000000 AM','DD-MM-RR fmHH12:fmMI:SSXFF AM'),'SUCCESS');
Insert into LOGIN_HISTORY (LOG_ID,USER_EMAIL,LOGIN_TIME,STATUS) values (102,'test11@gmail.com',to_timestamp('18-12-25 9:56:59.198000000 AM','DD-MM-RR fmHH12:fmMI:SSXFF AM'),'SUCCESS');
Insert into LOGIN_HISTORY (LOG_ID,USER_EMAIL,LOGIN_TIME,STATUS) values (103,'qwe12@gmail.com',to_timestamp('18-12-25 10:29:50.632000000 AM','DD-MM-RR fmHH12:fmMI:SSXFF AM'),'FAILED');
Insert into LOGIN_HISTORY (LOG_ID,USER_EMAIL,LOGIN_TIME,STATUS) values (104,'qwe12@gmail.com',to_timestamp('18-12-25 10:29:58.291000000 AM','DD-MM-RR fmHH12:fmMI:SSXFF AM'),'FAILED');
Insert into LOGIN_HISTORY (LOG_ID,USER_EMAIL,LOGIN_TIME,STATUS) values (105,'qwe12@gmail.com',to_timestamp('18-12-25 10:30:02.631000000 AM','DD-MM-RR fmHH12:fmMI:SSXFF AM'),'FAILED');
Insert into LOGIN_HISTORY (LOG_ID,USER_EMAIL,LOGIN_TIME,STATUS) values (106,'qwe12@gmail.com',to_timestamp('18-12-25 10:30:02.667000000 AM','DD-MM-RR fmHH12:fmMI:SSXFF AM'),'FAILED');
Insert into LOGIN_HISTORY (LOG_ID,USER_EMAIL,LOGIN_TIME,STATUS) values (2,'tarun12322@gmail.com',to_timestamp('15-12-25 11:37:19.492000000 AM','DD-MM-RR fmHH12:fmMI:SSXFF AM'),'SUCCESS');
Insert into LOGIN_HISTORY (LOG_ID,USER_EMAIL,LOGIN_TIME,STATUS) values (4,'tarun12322@gmail.com',to_timestamp('15-12-25 1:18:14.824000000 PM','DD-MM-RR fmHH12:fmMI:SSXFF AM'),'SUCCESS');
Insert into LOGIN_HISTORY (LOG_ID,USER_EMAIL,LOGIN_TIME,STATUS) values (6,'tarun123@gmail.com',to_timestamp('15-12-25 1:26:03.528000000 PM','DD-MM-RR fmHH12:fmMI:SSXFF AM'),'SUCCESS');
Insert into LOGIN_HISTORY (LOG_ID,USER_EMAIL,LOGIN_TIME,STATUS) values (7,'tarun123@gmail.com',to_timestamp('15-12-25 1:27:18.693000000 PM','DD-MM-RR fmHH12:fmMI:SSXFF AM'),'SUCCESS');
Insert into LOGIN_HISTORY (LOG_ID,USER_EMAIL,LOGIN_TIME,STATUS) values (8,'tarun123@gmail.com',to_timestamp('15-12-25 1:43:55.573000000 PM','DD-MM-RR fmHH12:fmMI:SSXFF AM'),'SUCCESS');
Insert into LOGIN_HISTORY (LOG_ID,USER_EMAIL,LOGIN_TIME,STATUS) values (11,'abhay123@gmail.com',to_timestamp('15-12-25 5:22:53.597000000 PM','DD-MM-RR fmHH12:fmMI:SSXFF AM'),'SUCCESS');
Insert into LOGIN_HISTORY (LOG_ID,USER_EMAIL,LOGIN_TIME,STATUS) values (13,'tarun123@gmail.com',to_timestamp('15-12-25 6:37:21.827000000 PM','DD-MM-RR fmHH12:fmMI:SSXFF AM'),'SUCCESS');
Insert into LOGIN_HISTORY (LOG_ID,USER_EMAIL,LOGIN_TIME,STATUS) values (51,'tarun123@gmail.com',to_timestamp('16-12-25 4:00:28.535000000 PM','DD-MM-RR fmHH12:fmMI:SSXFF AM'),'SUCCESS');
Insert into LOGIN_HISTORY (LOG_ID,USER_EMAIL,LOGIN_TIME,STATUS) values (1,'abhay123@gmail.com',to_timestamp('15-12-25 11:19:05.145000000 AM','DD-MM-RR fmHH12:fmMI:SSXFF AM'),'SUCCESS');
Insert into LOGIN_HISTORY (LOG_ID,USER_EMAIL,LOGIN_TIME,STATUS) values (58,'tarun123@gmail.com',to_timestamp('17-12-25 9:37:09.904000000 AM','DD-MM-RR fmHH12:fmMI:SSXFF AM'),'SUCCESS');
Insert into LOGIN_HISTORY (LOG_ID,USER_EMAIL,LOGIN_TIME,STATUS) values (59,'tarun123@gmail.com',to_timestamp('17-12-25 10:12:34.160000000 AM','DD-MM-RR fmHH12:fmMI:SSXFF AM'),'SUCCESS');
Insert into LOGIN_HISTORY (LOG_ID,USER_EMAIL,LOGIN_TIME,STATUS) values (60,'tarun123@gmail.com',to_timestamp('17-12-25 10:48:05.959000000 AM','DD-MM-RR fmHH12:fmMI:SSXFF AM'),'FAILED');
Insert into LOGIN_HISTORY (LOG_ID,USER_EMAIL,LOGIN_TIME,STATUS) values (61,'tarun123@gmail.com',to_timestamp('17-12-25 10:48:18.513000000 AM','DD-MM-RR fmHH12:fmMI:SSXFF AM'),'SUCCESS');
Insert into LOGIN_HISTORY (LOG_ID,USER_EMAIL,LOGIN_TIME,STATUS) values (62,'tarun123@gmail.com',to_timestamp('17-12-25 10:57:45.517000000 AM','DD-MM-RR fmHH12:fmMI:SSXFF AM'),'SUCCESS');
Insert into LOGIN_HISTORY (LOG_ID,USER_EMAIL,LOGIN_TIME,STATUS) values (63,'abhay123@gmail.com',to_timestamp('17-12-25 11:36:08.520000000 AM','DD-MM-RR fmHH12:fmMI:SSXFF AM'),'SUCCESS');
Insert into LOGIN_HISTORY (LOG_ID,USER_EMAIL,LOGIN_TIME,STATUS) values (64,'tarun123@gmail.com',to_timestamp('17-12-25 11:38:30.970000000 AM','DD-MM-RR fmHH12:fmMI:SSXFF AM'),'SUCCESS');
Insert into LOGIN_HISTORY (LOG_ID,USER_EMAIL,LOGIN_TIME,STATUS) values (65,'tarun123@gmail.com',to_timestamp('17-12-25 11:42:19.942000000 AM','DD-MM-RR fmHH12:fmMI:SSXFF AM'),'SUCCESS');
Insert into LOGIN_HISTORY (LOG_ID,USER_EMAIL,LOGIN_TIME,STATUS) values (66,'test123@gmail.com',to_timestamp('17-12-25 12:18:04.736000000 PM','DD-MM-RR fmHH12:fmMI:SSXFF AM'),'SUCCESS');
Insert into LOGIN_HISTORY (LOG_ID,USER_EMAIL,LOGIN_TIME,STATUS) values (67,'test11@gmail.com',to_timestamp('17-12-25 12:31:37.374000000 PM','DD-MM-RR fmHH12:fmMI:SSXFF AM'),'FAILED');
Insert into LOGIN_HISTORY (LOG_ID,USER_EMAIL,LOGIN_TIME,STATUS) values (68,'test11@gmail.com',to_timestamp('17-12-25 12:31:43.896000000 PM','DD-MM-RR fmHH12:fmMI:SSXFF AM'),'SUCCESS');
Insert into LOGIN_HISTORY (LOG_ID,USER_EMAIL,LOGIN_TIME,STATUS) values (69,'test11@gmail.com',to_timestamp('17-12-25 12:36:33.854000000 PM','DD-MM-RR fmHH12:fmMI:SSXFF AM'),'SUCCESS');
Insert into LOGIN_HISTORY (LOG_ID,USER_EMAIL,LOGIN_TIME,STATUS) values (70,'test11@gmail.com',to_timestamp('17-12-25 12:40:51.510000000 PM','DD-MM-RR fmHH12:fmMI:SSXFF AM'),'FAILED');
Insert into LOGIN_HISTORY (LOG_ID,USER_EMAIL,LOGIN_TIME,STATUS) values (71,'test11@gmail.com',to_timestamp('17-12-25 12:41:05.268000000 PM','DD-MM-RR fmHH12:fmMI:SSXFF AM'),'SUCCESS');
Insert into LOGIN_HISTORY (LOG_ID,USER_EMAIL,LOGIN_TIME,STATUS) values (72,'test11@gmail.com',to_timestamp('17-12-25 1:41:16.084000000 PM','DD-MM-RR fmHH12:fmMI:SSXFF AM'),'SUCCESS');
Insert into LOGIN_HISTORY (LOG_ID,USER_EMAIL,LOGIN_TIME,STATUS) values (73,'test11@gmail.com',to_timestamp('17-12-25 1:42:40.664000000 PM','DD-MM-RR fmHH12:fmMI:SSXFF AM'),'SUCCESS');
Insert into LOGIN_HISTORY (LOG_ID,USER_EMAIL,LOGIN_TIME,STATUS) values (74,'test11@gmail.com',to_timestamp('17-12-25 1:45:19.646000000 PM','DD-MM-RR fmHH12:fmMI:SSXFF AM'),'SUCCESS');
Insert into LOGIN_HISTORY (LOG_ID,USER_EMAIL,LOGIN_TIME,STATUS) values (75,'test11@gmail.com',to_timestamp('17-12-25 1:45:40.088000000 PM','DD-MM-RR fmHH12:fmMI:SSXFF AM'),'SUCCESS');
Insert into LOGIN_HISTORY (LOG_ID,USER_EMAIL,LOGIN_TIME,STATUS) values (76,'test11@gmail.com',to_timestamp('17-12-25 1:47:44.704000000 PM','DD-MM-RR fmHH12:fmMI:SSXFF AM'),'SUCCESS');
Insert into LOGIN_HISTORY (LOG_ID,USER_EMAIL,LOGIN_TIME,STATUS) values (77,'your_email@example.com',to_timestamp('17-12-25 3:11:41.849000000 PM','DD-MM-RR fmHH12:fmMI:SSXFF AM'),'FAILED');
Insert into LOGIN_HISTORY (LOG_ID,USER_EMAIL,LOGIN_TIME,STATUS) values (78,'test11@gmail.com',to_timestamp('17-12-25 3:12:55.843000000 PM','DD-MM-RR fmHH12:fmMI:SSXFF AM'),'SUCCESS');
Insert into LOGIN_HISTORY (LOG_ID,USER_EMAIL,LOGIN_TIME,STATUS) values (79,'test11@gmail.com',to_timestamp('17-12-25 3:20:52.319000000 PM','DD-MM-RR fmHH12:fmMI:SSXFF AM'),'SUCCESS');
Insert into LOGIN_HISTORY (LOG_ID,USER_EMAIL,LOGIN_TIME,STATUS) values (80,'test11@gmail.com',to_timestamp('17-12-25 3:24:55.523000000 PM','DD-MM-RR fmHH12:fmMI:SSXFF AM'),'SUCCESS');
Insert into LOGIN_HISTORY (LOG_ID,USER_EMAIL,LOGIN_TIME,STATUS) values (81,'test11@gmail.com',to_timestamp('17-12-25 3:46:09.761000000 PM','DD-MM-RR fmHH12:fmMI:SSXFF AM'),'FAILED');
Insert into LOGIN_HISTORY (LOG_ID,USER_EMAIL,LOGIN_TIME,STATUS) values (82,'test11@gmail.com',to_timestamp('17-12-25 3:46:29.141000000 PM','DD-MM-RR fmHH12:fmMI:SSXFF AM'),'SUCCESS');
Insert into LOGIN_HISTORY (LOG_ID,USER_EMAIL,LOGIN_TIME,STATUS) values (83,'test11@gmail.com',to_timestamp('17-12-25 4:05:18.347000000 PM','DD-MM-RR fmHH12:fmMI:SSXFF AM'),'SUCCESS');
Insert into LOGIN_HISTORY (LOG_ID,USER_EMAIL,LOGIN_TIME,STATUS) values (84,'test11@gmail.com',to_timestamp('17-12-25 6:39:01.902000000 PM','DD-MM-RR fmHH12:fmMI:SSXFF AM'),'SUCCESS');
Insert into LOGIN_HISTORY (LOG_ID,USER_EMAIL,LOGIN_TIME,STATUS) values (161,'test11@gmail.com',to_timestamp('22-12-25 10:54:59.428000000 AM','DD-MM-RR fmHH12:fmMI:SSXFF AM'),'SUCCESS');
Insert into LOGIN_HISTORY (LOG_ID,USER_EMAIL,LOGIN_TIME,STATUS) values (162,'test11@gmail.com',to_timestamp('22-12-25 10:55:20.064000000 AM','DD-MM-RR fmHH12:fmMI:SSXFF AM'),'SUCCESS');
Insert into LOGIN_HISTORY (LOG_ID,USER_EMAIL,LOGIN_TIME,STATUS) values (163,'test11@gmail.com',to_timestamp('22-12-25 10:55:28.573000000 AM','DD-MM-RR fmHH12:fmMI:SSXFF AM'),'SUCCESS');
Insert into LOGIN_HISTORY (LOG_ID,USER_EMAIL,LOGIN_TIME,STATUS) values (164,'test11@gmail.com',to_timestamp('22-12-25 10:55:28.638000000 AM','DD-MM-RR fmHH12:fmMI:SSXFF AM'),'SUCCESS');
Insert into LOGIN_HISTORY (LOG_ID,USER_EMAIL,LOGIN_TIME,STATUS) values (165,'robin123@gmail.com',to_timestamp('22-12-25 10:58:53.973000000 AM','DD-MM-RR fmHH12:fmMI:SSXFF AM'),'SUCCESS');
Insert into LOGIN_HISTORY (LOG_ID,USER_EMAIL,LOGIN_TIME,STATUS) values (166,'asd1@gmail.com',to_timestamp('22-12-25 11:04:27.177000000 AM','DD-MM-RR fmHH12:fmMI:SSXFF AM'),'SUCCESS');
Insert into LOGIN_HISTORY (LOG_ID,USER_EMAIL,LOGIN_TIME,STATUS) values (167,'asd1@gmail.com',to_timestamp('22-12-25 11:04:27.219000000 AM','DD-MM-RR fmHH12:fmMI:SSXFF AM'),'SUCCESS');
REM INSERTING into LOGOUT_HISTORY
SET DEFINE OFF;
Insert into LOGOUT_HISTORY (LOG_ID,USER_EMAIL,LOGOUT_TIME,STATUS) values (267,'tarun123@gmail.com',to_timestamp('28-03-26 6:57:57.165000000 AM','DD-MM-RR fmHH12:fmMI:SSXFF AM'),'SUCCESS');
Insert into LOGOUT_HISTORY (LOG_ID,USER_EMAIL,LOGOUT_TIME,STATUS) values (268,'tarun123@gmail.com',to_timestamp('28-03-26 6:59:48.887000000 AM','DD-MM-RR fmHH12:fmMI:SSXFF AM'),'SUCCESS');
Insert into LOGOUT_HISTORY (LOG_ID,USER_EMAIL,LOGOUT_TIME,STATUS) values (269,'tarun123@gmail.com',to_timestamp('28-03-26 7:01:57.734000000 AM','DD-MM-RR fmHH12:fmMI:SSXFF AM'),'SUCCESS');
Insert into LOGOUT_HISTORY (LOG_ID,USER_EMAIL,LOGOUT_TIME,STATUS) values (271,'tarun123@gmail.com',to_timestamp('28-03-26 7:08:43.919000000 AM','DD-MM-RR fmHH12:fmMI:SSXFF AM'),'SUCCESS');
Insert into LOGOUT_HISTORY (LOG_ID,USER_EMAIL,LOGOUT_TIME,STATUS) values (272,'tarun123@gmail.com',to_timestamp('28-03-26 7:09:15.983000000 AM','DD-MM-RR fmHH12:fmMI:SSXFF AM'),'SUCCESS');
Insert into LOGOUT_HISTORY (LOG_ID,USER_EMAIL,LOGOUT_TIME,STATUS) values (282,'tarun123@gmail.com',to_timestamp('28-03-26 11:13:31.349000000 AM','DD-MM-RR fmHH12:fmMI:SSXFF AM'),'SUCCESS');
Insert into LOGOUT_HISTORY (LOG_ID,USER_EMAIL,LOGOUT_TIME,STATUS) values (283,'tarun123@gmail.com',to_timestamp('28-03-26 11:13:35.823000000 AM','DD-MM-RR fmHH12:fmMI:SSXFF AM'),'SUCCESS');
Insert into LOGOUT_HISTORY (LOG_ID,USER_EMAIL,LOGOUT_TIME,STATUS) values (275,'tarun123@gmail.com',to_timestamp('28-03-26 7:17:13.774000000 AM','DD-MM-RR fmHH12:fmMI:SSXFF AM'),'SUCCESS');
Insert into LOGOUT_HISTORY (LOG_ID,USER_EMAIL,LOGOUT_TIME,STATUS) values (301,'tarun123@gmail.com',to_timestamp('30-03-26 4:08:21.930000000 AM','DD-MM-RR fmHH12:fmMI:SSXFF AM'),'SUCCESS');
Insert into LOGOUT_HISTORY (LOG_ID,USER_EMAIL,LOGOUT_TIME,STATUS) values (305,'tarun123@gmail.com',to_timestamp('30-03-26 8:15:40.670000000 AM','DD-MM-RR fmHH12:fmMI:SSXFF AM'),'SUCCESS');
Insert into LOGOUT_HISTORY (LOG_ID,USER_EMAIL,LOGOUT_TIME,STATUS) values (270,'tarun123@gmail.com',to_timestamp('28-03-26 7:05:14.073000000 AM','DD-MM-RR fmHH12:fmMI:SSXFF AM'),'SUCCESS');
Insert into LOGOUT_HISTORY (LOG_ID,USER_EMAIL,LOGOUT_TIME,STATUS) values (273,'tarun123@gmail.com',to_timestamp('28-03-26 7:13:54.978000000 AM','DD-MM-RR fmHH12:fmMI:SSXFF AM'),'SUCCESS');
Insert into LOGOUT_HISTORY (LOG_ID,USER_EMAIL,LOGOUT_TIME,STATUS) values (276,'tarun123@gmail.com',to_timestamp('28-03-26 7:22:14.469000000 AM','DD-MM-RR fmHH12:fmMI:SSXFF AM'),'SUCCESS');
Insert into LOGOUT_HISTORY (LOG_ID,USER_EMAIL,LOGOUT_TIME,STATUS) values (278,'tarun123@gmail.com',to_timestamp('28-03-26 7:37:35.273000000 AM','DD-MM-RR fmHH12:fmMI:SSXFF AM'),'SUCCESS');
Insert into LOGOUT_HISTORY (LOG_ID,USER_EMAIL,LOGOUT_TIME,STATUS) values (279,'tarun123@gmail.com',to_timestamp('28-03-26 7:38:21.350000000 AM','DD-MM-RR fmHH12:fmMI:SSXFF AM'),'SUCCESS');
Insert into LOGOUT_HISTORY (LOG_ID,USER_EMAIL,LOGOUT_TIME,STATUS) values (274,'tarun123@gmail.com',to_timestamp('28-03-26 7:16:46.646000000 AM','DD-MM-RR fmHH12:fmMI:SSXFF AM'),'SUCCESS');
Insert into LOGOUT_HISTORY (LOG_ID,USER_EMAIL,LOGOUT_TIME,STATUS) values (277,'tarun123@gmail.com',to_timestamp('28-03-26 7:23:47.250000000 AM','DD-MM-RR fmHH12:fmMI:SSXFF AM'),'SUCCESS');
Insert into LOGOUT_HISTORY (LOG_ID,USER_EMAIL,LOGOUT_TIME,STATUS) values (280,'tarun123@gmail.com',to_timestamp('28-03-26 11:00:30.280000000 AM','DD-MM-RR fmHH12:fmMI:SSXFF AM'),'SUCCESS');
Insert into LOGOUT_HISTORY (LOG_ID,USER_EMAIL,LOGOUT_TIME,STATUS) values (281,'tarun123@gmail.com',to_timestamp('28-03-26 11:11:25.017000000 AM','DD-MM-RR fmHH12:fmMI:SSXFF AM'),'SUCCESS');
Insert into LOGOUT_HISTORY (LOG_ID,USER_EMAIL,LOGOUT_TIME,STATUS) values (302,'tarun123@gmail.com',to_timestamp('30-03-26 4:35:50.502000000 AM','DD-MM-RR fmHH12:fmMI:SSXFF AM'),'SUCCESS');
Insert into LOGOUT_HISTORY (LOG_ID,USER_EMAIL,LOGOUT_TIME,STATUS) values (303,'tarun123@gmail.com',to_timestamp('30-03-26 5:20:35.667000000 AM','DD-MM-RR fmHH12:fmMI:SSXFF AM'),'SUCCESS');
Insert into LOGOUT_HISTORY (LOG_ID,USER_EMAIL,LOGOUT_TIME,STATUS) values (304,'tarun123@gmail.com',to_timestamp('30-03-26 7:14:46.805000000 AM','DD-MM-RR fmHH12:fmMI:SSXFF AM'),'SUCCESS');
REM INSERTING into MATCHBY_ATTEMPTS
SET DEFINE OFF;
Insert into MATCHBY_ATTEMPTS (USER_ID,ACTIVITY_ID,SCORE,ATTEMPTED,STATUS,STARTED_AT,UPDATED_AT,COMPLETED_AT) values (208,'1758308519282',0,2,'IN_PROGRESS',to_timestamp('30-03-26 6:04:20.035000000 PM','DD-MM-RR fmHH12:fmMI:SSXFF AM'),to_timestamp('30-03-26 6:04:27.903000000 PM','DD-MM-RR fmHH12:fmMI:SSXFF AM'),null);
REM INSERTING into MCQ_ATTEMPTS
SET DEFINE OFF;
Insert into MCQ_ATTEMPTS (USER_ID,ACTIVITY_ID,SCORE,ATTEMPTED,STATUS,STARTED_AT,UPDATED_AT,COMPLETED_AT) values ('tarun123@gmail.com','1756122674790',0,1,'IN_PROGRESS',to_timestamp('27-03-26 6:29:32.855000000 PM','DD-MM-RR fmHH12:fmMI:SSXFF AM'),to_timestamp('27-03-26 6:29:35.067000000 PM','DD-MM-RR fmHH12:fmMI:SSXFF AM'),null);
Insert into MCQ_ATTEMPTS (USER_ID,ACTIVITY_ID,SCORE,ATTEMPTED,STATUS,STARTED_AT,UPDATED_AT,COMPLETED_AT) values ('tarun123@gmail.com','act-20260325112511255',1,2,'COMPLETED',to_timestamp('26-03-26 6:01:37.535000000 PM','DD-MM-RR fmHH12:fmMI:SSXFF AM'),to_timestamp('26-03-26 6:20:52.849000000 PM','DD-MM-RR fmHH12:fmMI:SSXFF AM'),to_timestamp('26-03-26 6:20:52.849000000 PM','DD-MM-RR fmHH12:fmMI:SSXFF AM'));
Insert into MCQ_ATTEMPTS (USER_ID,ACTIVITY_ID,SCORE,ATTEMPTED,STATUS,STARTED_AT,UPDATED_AT,COMPLETED_AT) values ('tarun123@gmail.com','act-20260227164753717',0,1,'IN_PROGRESS',to_timestamp('26-03-26 6:07:25.981000000 PM','DD-MM-RR fmHH12:fmMI:SSXFF AM'),null,null);
Insert into MCQ_ATTEMPTS (USER_ID,ACTIVITY_ID,SCORE,ATTEMPTED,STATUS,STARTED_AT,UPDATED_AT,COMPLETED_AT) values ('tarun123@gmail.com','act-20260204110019815',0,1,'COMPLETED',to_timestamp('26-03-26 6:39:06.411000000 PM','DD-MM-RR fmHH12:fmMI:SSXFF AM'),to_timestamp('26-03-26 6:39:17.595000000 PM','DD-MM-RR fmHH12:fmMI:SSXFF AM'),to_timestamp('26-03-26 6:39:17.595000000 PM','DD-MM-RR fmHH12:fmMI:SSXFF AM'));
REM INSERTING into SEQUENCE_ATTEMPTS
SET DEFINE OFF;
REM INSERTING into SIMPLE_POST_TEST
SET DEFINE OFF;
Insert into SIMPLE_POST_TEST (ID,USER_NAME,CONTENT) values (1,'Sarah','I want a custom response');
Insert into SIMPLE_POST_TEST (ID,USER_NAME,CONTENT) values (2,'Sarah','I want a custom response');
REM INSERTING into TEST
SET DEFINE OFF;
REM INSERTING into WEB_IMAGES
SET DEFINE OFF;
Insert into WEB_IMAGES (ID,FILE_NAME,MIME_TYPE,UPLOAD_DATE) values (1,'Apple.jpg','image/jpeg',to_date('06-01-26','DD-MM-RR'));
--------------------------------------------------------
--  DDL for Index PK_COMPLETEDWORD_ATTEMPTS
--------------------------------------------------------

  CREATE UNIQUE INDEX "PK_COMPLETEDWORD_ATTEMPTS" ON "COMPLETEDWORD_ATTEMPTS" ("USER_ID", "ACTIVITY_ID") 
  ;
--------------------------------------------------------
--  DDL for Index PK_SEQUENCE_ATTEMPTS
--------------------------------------------------------

  CREATE UNIQUE INDEX "PK_SEQUENCE_ATTEMPTS" ON "SEQUENCE_ATTEMPTS" ("USER_ID", "ACTIVITY_ID") 
  ;
--------------------------------------------------------
--  DDL for Index PK_MCQ_ATTEMPTS
--------------------------------------------------------

  CREATE UNIQUE INDEX "PK_MCQ_ATTEMPTS" ON "MCQ_ATTEMPTS" ("USER_ID", "ACTIVITY_ID") 
  ;
--------------------------------------------------------
--  DDL for Index PK_MATCHBY_ATTEMPTS
--------------------------------------------------------

  CREATE UNIQUE INDEX "PK_MATCHBY_ATTEMPTS" ON "MATCHBY_ATTEMPTS" ("USER_ID", "ACTIVITY_ID") 
  ;
--------------------------------------------------------
--  Constraints for Table ACTIVITIES
--------------------------------------------------------

  ALTER TABLE "ACTIVITIES" ADD PRIMARY KEY ("ID")
  USING INDEX  ENABLE;
--------------------------------------------------------
--  Constraints for Table LMS_STAFF
--------------------------------------------------------

  ALTER TABLE "LMS_STAFF" MODIFY ("USER_ID" NOT NULL ENABLE);
  ALTER TABLE "LMS_STAFF" ADD CHECK (status IN ('yes', 'no')) ENABLE;
  ALTER TABLE "LMS_STAFF" ADD PRIMARY KEY ("USER_ID")
  USING INDEX  ENABLE;
--------------------------------------------------------
--  Constraints for Table LMS_USERS
--------------------------------------------------------

  ALTER TABLE "LMS_USERS" MODIFY ("USER_ID" NOT NULL ENABLE);
  ALTER TABLE "LMS_USERS" ADD PRIMARY KEY ("USER_ID")
  USING INDEX  ENABLE;
  ALTER TABLE "LMS_USERS" ADD UNIQUE ("EMAIL")
  USING INDEX  ENABLE;
--------------------------------------------------------
--  Constraints for Table LOGOUT_HISTORY
--------------------------------------------------------

  ALTER TABLE "LOGOUT_HISTORY" MODIFY ("LOG_ID" NOT NULL ENABLE);
  ALTER TABLE "LOGOUT_HISTORY" ADD PRIMARY KEY ("LOG_ID")
  USING INDEX  ENABLE;
--------------------------------------------------------
--  Constraints for Table SEQUENCE_ATTEMPTS
--------------------------------------------------------

  ALTER TABLE "SEQUENCE_ATTEMPTS" ADD CONSTRAINT "PK_SEQUENCE_ATTEMPTS" PRIMARY KEY ("USER_ID", "ACTIVITY_ID")
  USING INDEX  ENABLE;
--------------------------------------------------------
--  Constraints for Table APP_MESSAGES
--------------------------------------------------------

  ALTER TABLE "APP_MESSAGES" MODIFY ("MSG_ID" NOT NULL ENABLE);
  ALTER TABLE "APP_MESSAGES" ADD PRIMARY KEY ("MSG_ID")
  USING INDEX  ENABLE;
--------------------------------------------------------
--  Constraints for Table COMPLETEDWORD_ATTEMPTS
--------------------------------------------------------

  ALTER TABLE "COMPLETEDWORD_ATTEMPTS" ADD CONSTRAINT "PK_COMPLETEDWORD_ATTEMPTS" PRIMARY KEY ("USER_ID", "ACTIVITY_ID")
  USING INDEX  ENABLE;
--------------------------------------------------------
--  Constraints for Table CURRICULUM_CARDS
--------------------------------------------------------

  ALTER TABLE "CURRICULUM_CARDS" MODIFY ("ID" NOT NULL ENABLE);
  ALTER TABLE "CURRICULUM_CARDS" MODIFY ("LABEL" NOT NULL ENABLE);
  ALTER TABLE "CURRICULUM_CARDS" ADD PRIMARY KEY ("ID")
  USING INDEX  ENABLE;
--------------------------------------------------------
--  Constraints for Table EMPLOYEES
--------------------------------------------------------

  ALTER TABLE "EMPLOYEES" ADD PRIMARY KEY ("EMP_ID")
  USING INDEX  ENABLE;
--------------------------------------------------------
--  Constraints for Table WEB_IMAGES
--------------------------------------------------------

  ALTER TABLE "WEB_IMAGES" MODIFY ("ID" NOT NULL ENABLE);
  ALTER TABLE "WEB_IMAGES" ADD PRIMARY KEY ("ID")
  USING INDEX  ENABLE;
--------------------------------------------------------
--  Constraints for Table ACTIVITY_DATA
--------------------------------------------------------

  ALTER TABLE "ACTIVITY_DATA" ADD CHECK (DATA_JSON IS JSON) ENABLE;
  ALTER TABLE "ACTIVITY_DATA" ADD PRIMARY KEY ("ACTIVITY_ID")
  USING INDEX  ENABLE;
--------------------------------------------------------
--  Constraints for Table KONZEPTES_ICONS_BASE64
--------------------------------------------------------

  ALTER TABLE "KONZEPTES_ICONS_BASE64" ADD PRIMARY KEY ("ICON_ID")
  USING INDEX  ENABLE;
--------------------------------------------------------
--  Constraints for Table MATCHBY_ATTEMPTS
--------------------------------------------------------

  ALTER TABLE "MATCHBY_ATTEMPTS" ADD CONSTRAINT "PK_MATCHBY_ATTEMPTS" PRIMARY KEY ("USER_ID", "ACTIVITY_ID")
  USING INDEX  ENABLE;
--------------------------------------------------------
--  Constraints for Table MCQ_ATTEMPTS
--------------------------------------------------------

  ALTER TABLE "MCQ_ATTEMPTS" ADD CONSTRAINT "PK_MCQ_ATTEMPTS" PRIMARY KEY ("USER_ID", "ACTIVITY_ID")
  USING INDEX  ENABLE;
--------------------------------------------------------
--  Constraints for Table SIMPLE_POST_TEST
--------------------------------------------------------

  ALTER TABLE "SIMPLE_POST_TEST" MODIFY ("ID" NOT NULL ENABLE);
  ALTER TABLE "SIMPLE_POST_TEST" ADD PRIMARY KEY ("ID")
  USING INDEX  ENABLE;
--------------------------------------------------------
--  Constraints for Table KONZEPTES_ICONS_BLOB
--------------------------------------------------------

  ALTER TABLE "KONZEPTES_ICONS_BLOB" ADD PRIMARY KEY ("ICON_ID")
  USING INDEX  ENABLE;
--------------------------------------------------------
--  Constraints for Table LOGIN_HISTORY
--------------------------------------------------------

  ALTER TABLE "LOGIN_HISTORY" MODIFY ("LOG_ID" NOT NULL ENABLE);
  ALTER TABLE "LOGIN_HISTORY" ADD PRIMARY KEY ("LOG_ID")
  USING INDEX  ENABLE;
--------------------------------------------------------
--  Constraints for Table LMS_ADMINS
--------------------------------------------------------

  ALTER TABLE "LMS_ADMINS" MODIFY ("ADMIN_ID" NOT NULL ENABLE);
  ALTER TABLE "LMS_ADMINS" ADD PRIMARY KEY ("ADMIN_ID")
  USING INDEX  ENABLE;
  ALTER TABLE "LMS_ADMINS" ADD UNIQUE ("EMAIL")
  USING INDEX  ENABLE;
--------------------------------------------------------
--  Ref Constraints for Table ACTIVITY_DATA
--------------------------------------------------------

  ALTER TABLE "ACTIVITY_DATA" ADD FOREIGN KEY ("ACTIVITY_ID")
	  REFERENCES "ACTIVITIES" ("ID") ON DELETE CASCADE ENABLE;
